player,position,team,week,year,passing_td,passing_yd,perc_throws,rushing_td,rushing_yd,rec_td,rec_yd,receptions,fgmd,fgyd,perc_fg,tackles,sacks,ints
C.Palmer,QB,SD,1,2010,2,345,68,0,0,0,0,0,0,0,0,0,0,0
M.Forte,RB,CHI,1,2010,0,0,0,0,50,0,0,0,0,0,0,0,0,0
S.Smith,WR,CAR,1,2010,0,0,0,0,0,1,75,5,0,0,0,0,0,0
A.Gates,TE,SD,1,2010,0,0,0,0,0,1,76,5,0,0,0,0,0,0
M.Bryant,K,ATL,1,2010,0,0,0,0,0,0,0,0,3,49,75,0,0,0
D.Hall,SS,WAS,1,2010,0,0,0,0,0,0,0,0,0,0,0,7,0,0
M.Schaub,QB,NO,2,2010,3,497,73.07692308,0,0,0,0,0,0,0,0,0,0,0
F.Gore,RB,SF,2,2010,0,0,0,1,112,0,0,0,0,0,0,0,0,0
A.Johnson,WR,HOU,2,2010,0,0,0,0,0,1,158,12,0,0,0,0,0,0
A.Gates,TE,SD,2,2010,0,0,0,0,0,2,57,5,0,0,0,0,0,0
M.Nugent,K,CIN,2,2010,0,0,0,0,0,0,0,0,5,46,100,0,0,0
J.Harrison,OLB,PIT,2,2010,0,0,0,0,0,0,0,0,0,0,0,10,2,0
P.Rivers,QB,GB,3,2010,2,455,54.71698113,0,0,0,0,0,0,0,0,0,0,0
A.Peterson,RB,MIN,3,2010,0,0,0,2,160,0,0,0,0,0,0,0,0,0
A.Boldin,WR,BAL,3,2010,0,0,0,0,0,3,142,8,0,0,0,0,0,0
A.Gates,TE,SD,3,2010,0,0,0,0,0,1,109,7,0,0,0,0,0,0
Josh.Brown,K,STL,3,2010,0,0,0,0,0,0,0,0,3,37,100,0,0,0
C.Greenway,OLB,MIN,3,2010,0,0,0,0,0,0,0,0,0,0,0,9,0,0
Sh.Hill,QB,NE,4,2010,2,331,62.96296296,0,0,0,0,0,0,0,0,0,0,0
A.Foster,RB,HOU,4,2010,0,0,0,1,131,0,0,0,0,0,0,0,0,0
E.Royal,WR,DEN,4,2010,0,0,0,0,0,1,113,8,0,0,0,0,0,0
A.Gates,TE,SD,4,2010,0,0,0,0,0,2,144,7,0,0,0,0,0,0
M.Prater,K,DEN,4,2010,0,0,0,0,0,0,0,0,4,36,100,0,0,0
L.Timmons,ILB,PIT,4,2010,0,0,0,0,0,0,0,0,0,0,0,6,0,0
E.Manning,QB,MIN,5,2010,3,297,64.28571429,0,0,0,0,0,0,0,0,0,0,0
M.Forte,RB,CHI,5,2010,0,0,0,2,166,0,0,0,0,0,0,0,0,0
M.Crabtree,WR,SF,5,2010,0,0,0,0,0,1,105,9,0,0,0,0,0,0
M.Lewis,TE,JAC,5,2010,0,0,0,0,0,2,54,4,0,0,0,0,0,0
N.Folk,K,NYJ,5,2010,0,0,0,0,0,0,0,0,5,53,100,0,0,0
S.Tulloch,LB,TEN,5,2010,0,0,0,0,0,0,0,0,0,0,0,8,0,1
J.Flacco,QB,TEN,6,2010,2,285,77.14285714,0,0,0,0,0,0,0,0,0,0,0
C.Ivory,RB,NO,6,2010,0,0,0,0,158,0,0,0,0,0,0,0,0,0
J.Maclin,WR,PHI,6,2010,0,0,0,0,0,2,159,7,0,0,0,0,0,0
B.Watson,TE,CLE,6,2010,0,0,0,0,0,1,88,6,0,0,0,0,0,0
D.Carpenter,K,MIA,6,2010,0,0,0,0,0,0,0,0,3,53,100,0,0,0
T.Williams,CB,GB,6,2010,0,0,0,0,0,0,0,0,0,0,0,6,0,1
R.Fitzpatrick,QB,NYG,7,2010,4,374,67.44186047,0,0,0,0,0,0,0,0,0,0,0
F.Gore,RB,SF,7,2010,0,0,0,0,102,0,0,0,0,0,0,0,0,0
K.Britt,WR,TEN,7,2010,0,0,0,0,0,3,225,7,0,0,0,0,0,0
J.Witten,TE,DAL,7,2010,0,0,0,0,0,1,95,9,0,0,0,0,0,0
D.Carpenter,K,MIA,7,2010,0,0,0,0,0,0,0,0,5,40,100,0,0,0
D.Hall,SS,WAS,7,2010,0,0,0,0,0,0,0,0,0,0,0,7,0,4
M.Stafford,QB,HOU,8,2010,4,212,57.77777778,0,0,0,0,0,0,0,0,0,0,0
A.Foster,RB,HOU,8,2010,0,0,0,1,102,0,0,0,0,0,0,0,0,0
L.Fitzgerald,WR,ARI,8,2010,0,0,0,0,0,2,72,6,0,0,0,0,0,0
J.Witten,TE,DAL,8,2010,0,0,0,0,0,1,97,10,0,0,0,0,0,0
D.Carpenter,K,MIA,8,2010,0,0,0,0,0,0,0,0,5,54,100,0,0,0
T.Williams,CB,GB,8,2010,0,0,0,0,0,0,0,0,0,0,0,4,0,1
M.Sanchez,QB,PIT,9,2010,1,336,56.41025641,0,0,0,0,0,0,0,0,0,0,0
A.Peterson,RB,MIN,9,2010,0,0,0,1,81,0,0,0,0,0,0,0,0,0
St. Johnson,WR,BUF,9,2010,0,0,0,0,0,0,145,11,0,0,0,0,0,0
J.Tamme,TE,IND,9,2010,0,0,0,0,0,1,108,11,0,0,0,0,0,0
N.Folk,K,NYJ,9,2010,0,0,0,0,0,0,0,0,3,36,100,0,0,0
C.Wake,DE,MIA,9,2010,0,0,0,0,0,0,0,0,0,0,0,8,2,0
M.Cassel,QB,PHI,10,2010,4,469,62.26415094,0,0,0,0,0,0,0,0,0,0,0
J.Charles,RB,KC,10,2010,0,0,0,0,41,0,0,0,0,0,0,0,0,0
M.Wallace,WR,PIT,10,2010,0,0,0,0,0,2,136,8,0,0,0,0,0,0
R.Gronkowski,TE,NE,10,2010,0,0,0,0,0,3,72,5,0,0,0,0,0,0
D.Carpenter,K,MIA,10,2010,0,0,0,0,0,0,0,0,3,42,100,0,0,0
G.Quin,FS,HOU,10,2010,0,0,0,0,0,0,0,0,0,0,0,13,0,0
A.Rodgers,QB,DEN,11,2010,4,301,70.96774194,0,0,0,0,0,0,0,0,0,0,0
L.McCoy,RB,PHI,11,2010,0,0,0,1,111,0,0,0,0,0,0,0,0,0
St. Johnson,WR,BUF,11,2010,0,0,0,0,0,3,137,8,0,0,0,0,0,0
M.Lewis,TE,JAC,11,2010,0,0,0,0,0,1,66,5,0,0,0,0,0,0
G.Gano,K,WAS,11,2010,0,0,0,0,0,0,0,0,4,48,66.66666667,0,0,0
J.Harrison,OLB,PIT,11,2010,0,0,0,0,0,0,0,0,0,0,0,5,2,1
T.Brady,QB,SF,12,2010,4,341,77.77777778,0,0,0,0,0,0,0,0,0,0,0
A.Foster,RB,HOU,12,2010,0,0,0,0,143,0,0,0,0,0,0,0,0,0
A.Johnson,WR,HOU,12,2010,0,0,0,0,0,1,56,9,0,0,0,0,0,0
J.Witten,TE,DAL,12,2010,0,0,0,0,0,0,99,10,0,0,0,0,0,0
D.Carpenter,K,MIA,12,2010,0,0,0,0,0,0,0,0,4,49,66.66666667,0,0,0
T.Porter,CB,NO,12,2010,0,0,0,0,0,0,0,0,0,0,0,4,0,0
T.Brady,QB,NYJ,13,2010,4,326,72.4137931,0,0,0,0,0,0,0,0,0,0,0
L.McCoy,RB,PHI,13,2010,0,0,0,1,44,0,0,0,0,0,0,0,0,0
A.Boldin,WR,BAL,13,2010,0,0,0,0,0,1,118,5,0,0,0,0,0,0
B.Watson,TE,CLE,13,2010,0,0,0,0,0,1,100,10,0,0,0,0,0,0
Josh.Brown,K,STL,13,2010,0,0,0,0,0,0,0,0,4,52,100,0,0,0
T.Hali,OLB,KC,13,2010,0,0,0,0,0,0,0,0,0,0,0,4,2,0
M.Schaub,QB,NYG,14,2010,3,393,50,0,0,0,0,0,0,0,0,0,0,0
C.Johnson,RB,TEN,14,2010,0,0,0,1,111,0,0,0,0,0,0,0,0,0
A.Johnson,WR,HOU,14,2010,0,0,0,0,0,2,140,9,0,0,0,0,0,0
J.Witten,TE,DAL,14,2010,0,0,0,0,0,2,69,7,0,0,0,0,0,0
A.Vinatieri,K,IND,14,2010,0,0,0,0,0,0,0,0,3,47,100,0,0,0
K.Dansby,LB,MIA,14,2010,0,0,0,0,0,0,0,0,0,0,0,8,1,0
D.Brees,QB,CHI,15,2010,3,267,63.04347826,0,0,0,0,0,0,0,0,0,0,0
J.Charles,RB,KC,15,2010,0,0,0,1,126,0,0,0,0,0,0,0,0,0
V.Jackson,WR,SD,15,2010,0,0,0,0,0,3,112,5,0,0,0,0,0,0
J.Witten,TE,DAL,15,2010,0,0,0,0,0,1,140,10,0,0,0,0,0,0
S.Janikowski,K,OAK,15,2010,0,0,0,0,0,0,0,0,3,49,100,0,0,0
Da.Smith,LB,JAC,15,2010,0,0,0,0,0,0,0,0,0,0,0,13,1,0
A.Rodgers,QB,MIN,16,2010,4,404,67.56756757,0,0,0,0,0,0,0,0,0,0,0
J.Charles,RB,KC,16,2010,0,0,0,0,77,0,0,0,0,0,0,0,0,0
M.Crabtree,WR,SF,16,2010,0,0,0,0,0,1,122,6,0,0,0,0,0,0
R.Gronkowski,TE,NE,16,2010,0,0,0,0,0,2,54,4,0,0,0,0,0,0
S.Janikowski,K,OAK,16,2010,0,0,0,0,0,0,0,0,4,59,80,0,0,0
M.Mitchell,FS,OAK,16,2010,0,0,0,0,0,0,0,0,0,0,0,6,0,0
B.Roethlisberger,QB,STL,17,2010,2,280,68.18181818,0,0,0,0,0,0,0,0,0,0,0
M.Forte,RB,CHI,17,2010,0,0,0,0,91,0,0,0,0,0,0,0,0,0
L.Fitzgerald,WR,ARI,17,2010,0,0,0,0,0,1,125,11,0,0,0,0,0,0
R.Gronkowski,TE,NE,17,2010,0,0,0,0,0,1,102,6,0,0,0,0,0,0
A.Vinatieri,K,IND,17,2010,0,0,0,0,0,0,0,0,3,48,100,0,0,0
D.Ware,OLB,DAL,17,2010,0,0,0,0,0,0,0,0,0,0,0,4,3,0
T.Brady,QB,OAK,1,2011,4,517,66.66666667,0,0,0,0,0,0,0,0,0,0,0
R.Bush,RB,MIA,1,2011,0,0,0,0,38,0,0,0,0,0,0,0,0,0
S.Smith,WR,CAR,1,2011,0,0,0,0,0,2,178,8,0,0,0,0,0,0
R.Gronkowski,TE,NE,1,2011,0,0,0,0,0,1,86,6,0,0,0,0,0,0
S.Janikowski,K,OAK,1,2011,0,0,0,0,0,0,0,0,3,63,100,0,0,0
H.Ngata,DT,BAL,1,2011,0,0,0,0,0,0,0,0,0,0,0,2,0,0
T.Brady,QB,STL,2,2011,3,423,77.5,0,0,0,0,0,0,0,0,0,0,0
M.Forte,RB,CHI,2,2011,0,0,0,0,49,0,0,0,0,0,0,0,0,0
J.Maclin,WR,PHI,2,2011,0,0,0,0,0,2,171,13,0,0,0,0,0,0
R.Gronkowski,TE,NE,2,2011,0,0,0,0,0,2,86,4,0,0,0,0,0,0
A.Vinatieri,K,IND,2,2011,0,0,0,0,0,0,0,0,4,52,100,0,0,0
J.Sheard,DE,CLE,2,2011,0,0,0,0,0,0,0,0,0,0,0,4,1,0
J.Flacco,QB,WAS,3,2011,3,389,56.25,0,0,0,0,0,0,0,0,0,0,0
R.Mathews,RB,SD,3,2011,0,0,0,2,98,0,0,0,0,0,0,0,0,0
T.Smith,WR,BAL,3,2011,0,0,0,0,0,3,152,5,0,0,0,0,0,0
R.Gronkowski,TE,NE,3,2011,0,0,0,0,0,2,109,7,0,0,0,0,0,0
D.Bailey,K,DAL,3,2011,0,0,0,0,0,0,0,0,6,41,100,0,0,0
D.Jackson,ILB,CLE,3,2011,0,0,0,0,0,0,0,0,0,0,0,6,0.5,0
A.Rodgers,QB,IND,4,2011,4,408,76.31578947,0,0,0,0,0,0,0,0,0,0,0
M.Forte,RB,CHI,4,2011,0,0,0,1,205,0,0,0,0,0,0,0,0,0
P.Garcon,WR,IND,4,2011,0,0,0,0,0,2,146,2,0,0,0,0,0,0
J.Graham,TE,NO,4,2011,0,0,0,0,0,1,132,10,0,0,0,0,0,0
R.Succop,K,KC,4,2011,0,0,0,0,0,0,0,0,5,54,100,0,0,0
M.Bennett,DE,TB,4,2011,0,0,0,0,0,0,0,0,0,0,0,4,2,0
B.Roethlisberger,QB,CHI,5,2011,5,228,70.58823529,0,0,0,0,0,0,0,0,0,0,0
A.Foster,RB,HOU,5,2011,0,0,0,0,68,0,0,0,0,0,0,0,0,0
P.Garcon,WR,IND,5,2011,0,0,0,0,0,2,125,5,0,0,0,0,0,0
J.Graham,TE,NO,5,2011,0,0,0,0,0,0,129,8,0,0,0,0,0,0
N.Novak,K,SD,5,2011,0,0,0,0,0,0,0,0,5,51,100,0,0,0
J.Byrd,FS,BUF,5,2011,0,0,0,0,0,0,0,0,0,0,0,8,0,0
A.Rodgers,QB,MIA,6,2011,3,310,60.71428571,0,0,0,0,0,0,0,0,0,0,0
M.Forte,RB,CHI,6,2011,0,0,0,0,87,0,0,0,0,0,0,0,0,0
A.Boldin,WR,BAL,6,2011,0,0,0,0,0,0,132,8,0,0,0,0,0,0
J.Graham,TE,NO,6,2011,0,0,0,0,0,0,124,7,0,0,0,0,0,0
C.Barth,K,TB,6,2011,0,0,0,0,0,0,0,0,4,48,80,0,0,0
K.Coleman,FS,PHI,6,2011,0,0,0,0,0,0,0,0,0,0,0,5,0,3
D.Brees,QB,BAL,7,2011,5,325,88.57142857,0,0,0,0,0,0,0,0,0,0,0
A.Foster,RB,HOU,7,2011,0,0,0,2,115,0,0,0,0,0,0,0,0,0
S.Smith,WR,CAR,7,2011,0,0,0,0,0,0,143,7,0,0,0,0,0,0
J.Graham,TE,NO,7,2011,0,0,0,0,0,2,54,6,0,0,0,0,0,0
M.Crosby,K,GB,7,2011,0,0,0,0,0,0,0,0,4,58,100,0,0,0
D.Johnson,ILB,KC,7,2011,0,0,0,0,0,0,0,0,0,0,0,12,0,0
C.McCoy,QB,SD,8,2011,1,241,64.70588235,0,0,0,0,0,0,0,0,0,0,0
A.Peterson,RB,MIN,8,2011,0,0,0,1,86,0,0,0,0,0,0,0,0,0
S.Smith,WR,CAR,8,2011,0,0,0,0,0,1,100,7,0,0,0,0,0,0
B.Celek,TE,PHI,8,2011,0,0,0,0,0,1,94,7,0,0,0,0,0,0
N.Novak,K,SD,8,2011,0,0,0,0,0,0,0,0,4,44,80,0,0,0
D.Ware,OLB,DAL,8,2011,0,0,0,0,0,0,0,0,0,0,0,10,4,0
P.Rivers,QB,CHI,9,2011,4,385,56.52173913,0,0,0,0,0,0,0,0,0,0,0
D.Murray,RB,DAL,9,2011,0,0,0,0,139,0,0,0,0,0,0,0,0,0
V.Jackson,WR,SD,9,2011,0,0,0,0,0,3,141,7,0,0,0,0,0,0
R.Gronkowski,TE,NE,9,2011,0,0,0,0,0,1,101,8,0,0,0,0,0,0
D.Bailey,K,DAL,9,2011,0,0,0,0,0,0,0,0,3,42,100,0,0,0
J.Harrison,OLB,PIT,9,2011,0,0,0,0,0,0,0,0,0,0,0,8,3,0
A.Rodgers,QB,MIN,10,2011,4,250,76.66666667,0,0,0,0,0,0,0,0,0,0,0
D.Murray,RB,DAL,10,2011,0,0,0,1,135,0,0,0,0,0,0,0,0,0
L.Fitzgerald,WR,ARI,10,2011,0,0,0,0,0,2,146,7,0,0,0,0,0,0
R.Gronkowski,TE,NE,10,2011,0,0,0,0,0,2,113,8,0,0,0,0,0,0
S.Hauschka,K,SEA,10,2011,0,0,0,0,0,0,0,0,5,39,100,0,0,0
R.Kerrigan,OLB,WAS,10,2011,0,0,0,0,0,0,0,0,0,0,0,5,2,0
M.Stafford,QB,KC,11,2011,5,335,77.77777778,0,0,0,0,0,0,0,0,0,0,0
D.Murray,RB,DAL,11,2011,0,0,0,0,73,0,0,0,0,0,0,0,0,0
J.Nelson,WR,GB,11,2011,0,0,0,0,0,2,123,6,0,0,0,0,0,0
R.Gronkowski,TE,NE,11,2011,0,0,0,0,0,2,96,4,0,0,0,0,0,0
M.Bryant,K,ATL,11,2011,0,0,0,0,0,0,0,0,3,33,100,0,0,0
L.Webb,CB,BAL,11,2011,0,0,0,0,0,0,0,0,0,0,0,4,0,1
D.Brees,QB,NYG,12,2011,4,363,63.15789474,0,0,0,0,0,0,0,0,0,0,0
A.Foster,RB,HOU,12,2011,0,0,0,1,65,0,0,0,0,0,0,0,0,0
V.Cruz,WR,NYG,12,2011,0,0,0,0,0,2,157,9,0,0,0,0,0,0
J.Graham,TE,NO,12,2011,0,0,0,0,0,2,84,5,0,0,0,0,0,0
S.Janikowski,K,OAK,12,2011,0,0,0,0,0,0,0,0,6,47,100,0,0,0
C.Barwin,OLB,HOU,12,2011,0,0,0,0,0,0,0,0,0,0,0,7,4,0
A.Rodgers,QB,SD,13,2011,4,369,60.86956522,0,0,0,0,0,0,0,0,0,0,0
L.McCoy,RB,PHI,13,2011,0,0,0,1,84,0,0,0,0,0,0,0,0,0
P.Garcon,WR,IND,13,2011,0,0,0,0,0,2,150,9,0,0,0,0,0,0
R.Gronkowski,TE,NE,13,2011,0,0,0,0,0,2,64,5,0,0,0,0,0,0
G.Gano,K,WAS,13,2011,0,0,0,0,0,0,0,0,4,46,100,0,0,0
J.Houston,OLB,KC,13,2011,0,0,0,0,0,0,0,0,0,0,0,7,3,0
M.Ryan,QB,STL,14,2011,4,320,57.89473684,0,0,0,0,0,0,0,0,0,0,0
R.Mathews,RB,SD,14,2011,0,0,0,0,114,0,0,0,0,0,0,0,0,0
L.Fitzgerald,WR,ARI,14,2011,0,0,0,0,0,1,149,7,0,0,0,0,0,0
R.Gronkowski,TE,NE,14,2011,0,0,0,0,0,2,160,6,0,0,0,0,0,0
M.Crosby,K,GB,14,2011,0,0,0,0,0,0,0,0,4,49,100,0,0,0
C.Avril,DE,DET,14,2011,0,0,0,0,0,0,0,0,0,0,0,7,2,0
D.Brees,QB,PIT,15,2011,5,412,80,0,0,0,0,0,0,0,0,0,0,0
C.Spiller,RB,BUF,15,2011,0,0,0,1,91,0,0,0,0,0,0,0,0,0
D.Heyward-Bey,WR,OAK,15,2011,0,0,0,0,0,1,155,8,0,0,0,0,0,0
B.Celek,TE,PHI,15,2011,0,0,0,0,0,1,156,5,0,0,0,0,0,0
R.Succop,K,KC,15,2011,0,0,0,0,0,0,0,0,4,46,100,0,0,0
J.Pierre-Paul,DE,NYG,15,2011,0,0,0,0,0,0,0,0,0,0,0,11,1,0
A.Rodgers,QB,ATL,16,2011,5,283,72.4137931,0,0,0,0,0,0,0,0,0,0,0
R.Bush,RB,MIA,16,2011,0,0,0,0,113,0,0,0,0,0,0,0,0,0
J.Nelson,WR,GB,16,2011,0,0,0,0,0,2,115,6,0,0,0,0,0,0
J.Cook,TE,TEN,16,2011,0,0,0,0,0,1,169,8,0,0,0,0,0,0
A.Vinatieri,K,IND,16,2011,0,0,0,0,0,0,0,0,4,47,80,0,0,0
B.Cushing,ILB,HOU,16,2011,0,0,0,0,0,0,0,0,0,0,0,7,1,0
M.Stafford,QB,SEA,17,2011,5,520,61.01694915,0,0,0,0,0,0,0,0,0,0,0
C.Spiller,RB,BUF,17,2011,0,0,0,0,60,0,0,0,0,0,0,0,0,0
J.Nelson,WR,GB,17,2011,0,0,0,0,0,3,162,9,0,0,0,0,0,0
R.Gronkowski,TE,NE,17,2011,0,0,0,0,0,2,108,8,0,0,0,0,0,0
D.Carpenter,K,MIA,17,2011,0,0,0,0,0,0,0,0,4,58,100,0,0,0
J.Houston,OLB,KC,17,2011,0,0,0,0,0,0,0,0,0,0,0,6,1.5,0
R.Griffin,QB,SD,1,2012,2,320,73.07692308,0,0,0,0,0,0,0,0,0,0,0
L.McCoy,RB,PHI,1,2012,0,0,0,0,110,0,0,0,0,0,0,0,0,0
J.Jones,WR,ATL,1,2012,0,0,0,0,0,2,108,6,0,0,0,0,0,0
J.Graham,TE,NO,1,2012,0,0,0,0,0,1,85,6,0,0,0,0,0,0
B.Walsh,K,MIN,1,2012,0,0,0,0,0,0,0,0,4,55,100,0,0,0
S.Lee,OLB,DAL,1,2012,0,0,0,0,0,0,0,0,0,0,0,10,0,0
E.Manning,QB,DEN,2,2012,3,510,60.78431373,0,0,0,0,0,0,0,0,0,0,0
D.Sproles,RB,NO,2,2012,0,0,0,0,0,0,0,0,0,0,0,0,0,0
D.Amendola,WR,STL,2,2012,0,0,0,0,0,1,160,15,0,0,0,0,0,0
V.Davis,TE,SF,2,2012,0,0,0,0,0,2,73,5,0,0,0,0,0,0
S.Gostkowski,K,NE,2,2012,0,0,0,0,0,0,0,0,4,53,80,0,0,0
M.Foster,ILB,TB,2,2012,0,0,0,0,0,0,0,0,0,0,0,12,0,1
B.Roethlisberger,QB,GB,3,2012,4,384,73.46938776,0,0,0,0,0,0,0,0,0,0,0
J.Charles,RB,KC,3,2012,0,0,0,1,233,0,0,0,0,0,0,0,0,0
A.Green,WR,CIN,3,2012,0,0,0,0,0,1,183,9,0,0,0,0,0,0
K.Rudolph,TE,MIN,3,2012,0,0,0,0,0,2,36,5,0,0,0,0,0,0
R.Succop,K,KC,3,2012,0,0,0,0,0,0,0,0,6,45,100,0,0,0
P.Wheeler,OLB,OAK,3,2012,0,0,0,0,0,0,0,0,0,0,0,7,0,0
R.Fitzpatrick,QB,CHI,4,2012,4,350,56.41025641,0,0,0,0,0,0,0,0,0,0,0
D.Murray,RB,DAL,4,2012,0,0,0,0,24,0,0,0,0,0,0,0,0,0
A.Roberts,WR,ARI,4,2012,0,0,0,0,0,2,118,6,0,0,0,0,0,0
J.Witten,TE,DAL,4,2012,0,0,0,0,0,1,112,13,0,0,0,0,0,0
G.Zuerlein,K,STL,4,2012,0,0,0,0,0,0,0,0,4,60,100,0,0,0
P.Peterson,CB,ARI,4,2012,0,0,0,0,0,0,0,0,0,0,0,5,0,0
A.Smith,QB,HOU,5,2012,3,303,75,0,0,0,0,0,0,0,0,0,0,0
J.Charles,RB,KC,5,2012,0,0,0,0,140,0,0,0,0,0,0,0,0,0
B.Marshall,WR,CHI,5,2012,0,0,0,0,0,1,144,12,0,0,0,0,0,0
V.Davis,TE,SF,5,2012,0,0,0,0,0,0,106,5,0,0,0,0,0,0
A.Vinatieri,K,IND,5,2012,0,0,0,0,0,0,0,0,3,50,75,0,0,0
M.Adams,SS,DEN,5,2012,0,0,0,0,0,0,0,0,0,0,0,6,0,0
A.Rodgers,QB,DEN,6,2012,6,338,64.86486486,0,0,0,0,0,0,0,0,0,0,0
A.Peterson,RB,MIN,6,2012,0,0,0,0,79,0,0,0,0,0,0,0,0,0
J.Nelson,WR,GB,6,2012,0,0,0,0,0,3,121,9,0,0,0,0,0,0
A.Gates,TE,SD,6,2012,0,0,0,0,0,2,81,6,0,0,0,0,0,0
B.Walsh,K,MIN,6,2012,0,0,0,0,0,0,0,0,4,37,100,0,0,0
M.Adams,SS,DEN,6,2012,0,0,0,0,0,0,0,0,0,0,0,7,0,0
D.Brees,QB,DET,7,2012,4,377,72.97297297,0,0,0,0,0,0,0,0,0,0,0
F.Gore,RB,SF,7,2012,0,0,0,0,131,0,0,0,0,0,0,0,0,0
V.Jackson,WR,TB,7,2012,0,0,0,0,0,1,216,7,0,0,0,0,0,0
R.Gronkowski,TE,NE,7,2012,0,0,0,0,0,2,78,6,0,0,0,0,0,0
D.Bailey,K,DAL,7,2012,0,0,0,0,0,0,0,0,4,49,100,0,0,0
L.Kuechly,MLB,CAR,7,2012,0,0,0,0,0,0,0,0,0,0,0,8,0,0
T.Brady,QB,SF,8,2012,4,304,65.71428571,0,0,0,0,0,0,0,0,0,0,0
D.Martin,RB,TB,8,2012,0,0,0,1,135,0,0,0,0,0,0,0,0,0
D.Thomas,WR,DEN,8,2012,0,0,0,0,0,1,137,7,0,0,0,0,0,0
R.Gronkowski,TE,NE,8,2012,0,0,0,0,0,2,146,8,0,0,0,0,0,0
S.Janikowski,K,OAK,8,2012,0,0,0,0,0,0,0,0,4,36,100,0,0,0
M.Burnett,SS,GB,8,2012,0,0,0,0,0,0,0,0,0,0,0,9,1,0
A.Rodgers,QB,PHI,9,2012,4,218,46.66666667,0,0,0,0,0,0,0,0,0,0,0
D.Martin,RB,TB,9,2012,0,0,0,4,251,0,0,0,0,0,0,0,0,0
B.Marshall,WR,CHI,9,2012,0,0,0,0,0,3,122,9,0,0,0,0,0,0
B.Myers,TE,OAK,9,2012,0,0,0,0,0,2,59,8,0,0,0,0,0,0
P.Dawson,K,CLE,9,2012,0,0,0,0,0,0,0,0,5,41,100,0,0,0
L.David,OLB,TB,9,2012,0,0,0,0,0,0,0,0,0,0,0,14,0,0
M.Stafford,QB,KC,10,2012,3,329,66.66666667,0,0,0,0,0,0,0,0,0,0,0
A.Peterson,RB,MIN,10,2012,0,0,0,1,171,0,0,0,0,0,0,0,0,0
J.Maclin,WR,PHI,10,2012,0,0,0,0,0,1,93,8,0,0,0,0,0,0
J.Graham,TE,NO,10,2012,0,0,0,0,0,2,146,7,0,0,0,0,0,0
B.Walsh,K,MIN,10,2012,0,0,0,0,0,0,0,0,4,48,100,0,0,0
J.McCourty,CB,TEN,10,2012,0,0,0,0,0,0,0,0,0,0,0,9,0,0
M.Schaub,QB,CHI,11,2012,5,527,78.18181818,0,0,0,0,0,0,0,0,0,0,0
L.McCoy,RB,PHI,11,2012,0,0,0,0,45,0,0,0,0,0,0,0,0,0
A.Johnson,WR,HOU,11,2012,0,0,0,0,0,1,273,14,0,0,0,0,0,0
R.Gronkowski,TE,NE,11,2012,0,0,0,0,0,2,137,7,0,0,0,0,0,0
M.Bryant,K,ATL,11,2012,0,0,0,0,0,0,0,0,3,51,100,0,0,0
Ald.Smith,OLB,SF,11,2012,0,0,0,0,0,0,0,0,0,0,0,6,5.5,0
R.Griffin,QB,CAR,12,2012,4,311,71.42857143,0,0,0,0,0,0,0,0,0,0,0
S.Vereen,RB,NE,12,2012,0,0,0,0,42,0,0,0,0,0,0,0,0,0
D.Bryant,WR,DAL,12,2012,0,0,0,0,0,2,145,8,0,0,0,0,0,0
C.Clay,TE,MIA,12,2012,0,0,0,0,0,1,84,6,0,0,0,0,0,0
D.Bailey,K,DAL,12,2012,0,0,0,0,0,0,0,0,3,51,100,0,0,0
D.Jackson,ILB,CLE,12,2012,0,0,0,0,0,0,0,0,0,0,0,3,0,0
A.Luck,QB,NYG,13,2012,4,391,44.44444444,0,0,0,0,0,0,0,0,0,0,0
A.Peterson,RB,MIN,13,2012,0,0,0,1,210,0,0,0,0,0,0,0,0,0
B.Marshall,WR,CHI,13,2012,0,0,0,0,0,0,165,10,0,0,0,0,0,0
B.Myers,TE,OAK,13,2012,0,0,0,0,0,1,130,14,0,0,0,0,0,0
M.Bryant,K,ATL,13,2012,0,0,0,0,0,0,0,0,3,55,100,0,0,0
C.Dunlap,DE,CIN,13,2012,0,0,0,0,0,0,0,0,0,0,0,4,2,0
C.Newton,QB,HOU,14,2012,2,287,65.71428571,0,0,0,0,0,0,0,0,0,0,0
D.Martin,RB,TB,14,2012,0,0,0,1,128,0,0,0,0,0,0,0,0,0
B.Marshall,WR,CHI,14,2012,0,0,0,0,0,1,160,10,0,0,0,0,0,0
C.Harbor,TE,PHI,14,2012,0,0,0,0,0,1,52,6,0,0,0,0,0,0
M.Prater,K,DEN,14,2012,0,0,0,0,0,0,0,0,4,43,100,0,0,0
M.Daniels,DE,GB,14,2012,0,0,0,0,0,0,0,0,0,0,0,1,0,0
C.Kaepernick,QB,NYJ,15,2012,4,216,56,0,0,0,0,0,0,0,0,0,0,0
F.Gore,RB,SF,15,2012,0,0,0,0,83,0,0,0,0,0,0,0,0,0
A.Johnson,WR,HOU,15,2012,0,0,0,0,0,1,151,11,0,0,0,0,0,0
D.Pitta,TE,BAL,15,2012,0,0,0,0,0,2,125,7,0,0,0,0,0,0
B.Walsh,K,MIN,15,2012,0,0,0,0,0,0,0,0,5,53,100,0,0,0
C.Greenway,OLB,MIN,15,2012,0,0,0,0,0,0,0,0,0,0,0,13,1,0
T.Romo,QB,SD,16,2012,4,416,60.46511628,0,0,0,0,0,0,0,0,0,0,0
R.Bush,RB,MIA,16,2012,0,0,0,1,65,0,0,0,0,0,0,0,0,0
D.Bryant,WR,DAL,16,2012,0,0,0,0,0,2,224,9,0,0,0,0,0,0
J.Graham,TE,NO,16,2012,0,0,0,0,0,0,88,7,0,0,0,0,0,0
J.Tucker,K,BAL,16,2012,0,0,0,0,0,0,0,0,4,30,100,0,0,0
R.Jones,SS,MIA,16,2012,0,0,0,0,0,0,0,0,0,0,0,2,0,1
D.Brees,QB,STL,17,2012,4,396,67.44186047,0,0,0,0,0,0,0,0,0,0,0
A.Peterson,RB,MIN,17,2012,0,0,0,1,199,0,0,0,0,0,0,0,0,0
M.Crabtree,WR,SF,17,2012,0,0,0,0,0,2,172,8,0,0,0,0,0,0
J.Graham,TE,NO,17,2012,0,0,0,0,0,1,115,9,0,0,0,0,0,0
N.Folk,K,NYJ,17,2012,0,0,0,0,0,0,0,0,3,47,100,0,0,0
L.Timmons,ILB,PIT,17,2012,0,0,0,0,0,0,0,0,0,0,0,5,2,0
C.Kaepernick,QB,HOU,1,2013,3,412,69.23076923,0,0,0,0,0,0,0,0,0,0,0
R.Bush,RB,DET,1,2013,0,0,0,0,90,0,0,0,0,0,0,0,0,0
A.Boldin,WR,SF,1,2013,0,0,0,0,0,1,208,13,0,0,0,0,0,0
J.Cook,TE,STL,1,2013,0,0,0,0,0,2,141,7,0,0,0,0,0,0
G.Zuerlein,K,STL,1,2013,0,0,0,0,0,0,0,0,4,48,100,0,0,0
B.Church,SS,DAL,1,2013,0,0,0,0,0,0,0,0,0,0,0,7,0,0
A.Rodgers,QB,PIT,2,2013,4,480,80.95238095,0,0,0,0,0,0,0,0,0,0,0
M.Forte,RB,CHI,2,2013,0,0,0,0,90,0,0,0,0,0,0,0,0,0
J.Jones,WR,ATL,2,2013,0,0,0,0,0,1,182,11,0,0,0,0,0,0
J.Graham,TE,NO,2,2013,0,0,0,0,0,1,179,10,0,0,0,0,0,0
N.Novak,K,SD,2,2013,0,0,0,0,0,0,0,0,4,49,100,0,0,0
B.Cushing,ILB,HOU,2,2013,0,0,0,0,0,0,0,0,0,0,0,11,2,0
D.Brees,QB,OAK,3,2013,3,342,63.04347826,0,0,0,0,0,0,0,0,0,0,0
D.Murray,RB,DAL,3,2013,0,0,0,1,175,0,0,0,0,0,0,0,0,0
A.Brown,WR,PIT,3,2013,0,0,0,0,0,2,196,9,0,0,0,0,0,0
J.Graham,TE,NO,3,2013,0,0,0,0,0,2,134,9,0,0,0,0,0,0
R.Succop,K,KC,3,2013,0,0,0,0,0,0,0,0,4,38,80,0,0,0
J.Houston,OLB,KC,3,2013,0,0,0,0,0,0,0,0,0,0,0,6,3.5,0
D.Brees,QB,MIA,4,2013,4,413,76.92307692,0,0,0,0,0,0,0,0,0,0,0
A.Foster,RB,HOU,4,2013,0,0,0,0,102,0,0,0,0,0,0,0,0,0
V.Cruz,WR,NYG,4,2013,0,0,0,0,0,1,164,10,0,0,0,0,0,0
A.Gates,TE,SD,4,2013,0,0,0,0,0,1,136,10,0,0,0,0,0,0
S.Hauschka,K,SEA,4,2013,0,0,0,0,0,0,0,0,3,48,100,0,0,0
S.Lee,OLB,DAL,4,2013,0,0,0,0,0,0,0,0,0,0,0,15,0,1
T.Romo,QB,NYJ,5,2013,5,506,69.44444444,0,0,0,0,0,0,0,0,0,0,0
D.Woodhead,RB,SD,5,2013,0,0,0,0,13,0,0,0,0,0,0,0,0,0
A.Jeffery,WR,CHI,5,2013,0,0,0,0,0,1,218,10,0,0,0,0,0,0
J.Thomas,TE,DEN,5,2013,0,0,0,0,0,2,122,9,0,0,0,0,0,0
M.Crosby,K,GB,5,2013,0,0,0,0,0,0,0,0,5,52,100,0,0,0
K.Dansby,LB,ARI,5,2013,0,0,0,0,0,0,0,0,0,0,0,8,2,1
A.Dalton,QB,IND,6,2013,3,337,65,0,0,0,0,0,0,0,0,0,0,0
R.Bush,RB,DET,6,2013,0,0,0,0,78,0,0,0,0,0,0,0,0,0
J.Blackmon,WR,JAC,6,2013,0,0,0,0,0,0,190,14,0,0,0,0,0,0
V.Davis,TE,SF,6,2013,0,0,0,0,0,2,180,8,0,0,0,0,0,0
M.Crosby,K,GB,6,2013,0,0,0,0,0,0,0,0,4,50,80,0,0,0
J.McCourty,CB,TEN,6,2013,0,0,0,0,0,0,0,0,0,0,0,7,0,0
M.Stafford,QB,MIN,7,2013,3,357,54.90196078,0,0,0,0,0,0,0,0,0,0,0
C.Johnson,RB,TEN,7,2013,0,0,0,0,39,0,0,0,0,0,0,0,0,0
V.Jackson,WR,TB,7,2013,0,0,0,0,0,2,138,10,0,0,0,0,0,0
J.Reed,TE,WAS,7,2013,0,0,0,0,0,1,134,9,0,0,0,0,0,0
G.Gano,K,CAR,7,2013,0,0,0,0,0,0,0,0,3,50,100,0,0,0
T.Hali,OLB,KC,7,2013,0,0,0,0,0,0,0,0,0,0,0,5,2.5,0
D.Brees,QB,SEA,8,2013,5,332,76.47058824,0,0,0,0,0,0,0,0,0,0,0
A.Ellington,RB,ARI,8,2013,0,0,0,1,154,0,0,0,0,0,0,0,0,0
M.Jones,WR,CIN,8,2013,0,0,0,0,0,4,122,8,0,0,0,0,0,0
J.Graham,TE,NO,8,2013,0,0,0,0,0,2,37,3,0,0,0,0,0,0
J.Brown,K,NYG,8,2013,0,0,0,0,0,0,0,0,5,46,100,0,0,0
B.Irvin,LB,SEA,8,2013,0,0,0,0,0,0,0,0,0,0,0,8,1,1
N.Foles,QB,CHI,9,2013,7,406,78.57142857,0,0,0,0,0,0,0,0,0,0,0
R.Jennings,RB,OAK,9,2013,0,0,0,1,102,0,0,0,0,0,0,0,0,0
A.Johnson,WR,HOU,9,2013,0,0,0,0,0,3,229,9,0,0,0,0,0,0
J.Graham,TE,NO,9,2013,0,0,0,0,0,2,116,9,0,0,0,0,0,0
N.Folk,K,NYJ,9,2013,0,0,0,0,0,0,0,0,4,47,100,0,0,0
C.Wake,DE,MIA,9,2013,0,0,0,0,0,0,0,0,0,0,0,5,3,0
D.Brees,QB,MIA,10,2013,4,392,82.92682927,0,0,0,0,0,0,0,0,0,0,0
G.Bernard,RB,CIN,10,2013,0,0,0,0,58,0,0,0,0,0,0,0,0,0
D.Thomas,WR,DEN,10,2013,0,0,0,0,0,3,108,7,0,0,0,0,0,0
J.Reed,TE,WAS,10,2013,0,0,0,0,0,1,62,6,0,0,0,0,0,0
S.Hauschka,K,SEA,10,2013,0,0,0,0,0,0,0,0,4,53,100,0,0,0
J.Watt,DE,HOU,10,2013,0,0,0,0,0,0,0,0,0,0,0,4,1,0
B.Roethlisberger,QB,NE,11,2013,4,367,64.44444444,0,0,0,0,0,0,0,0,0,0,0
B.Rainey,RB,TB,11,2013,0,0,0,2,163,0,0,0,0,0,0,0,0,0
A.Brown,WR,PIT,11,2013,0,0,0,0,0,2,147,7,0,0,0,0,0,0
G.Graham,TE,HOU,11,2013,0,0,0,0,0,1,136,7,0,0,0,0,0,0
A.Vinatieri,K,IND,11,2013,0,0,0,0,0,0,0,0,3,50,100,0,0,0
V.Burfict,OLB,CIN,11,2013,0,0,0,0,0,0,0,0,0,0,0,10,0,0
T.Brady,QB,SF,12,2013,3,344,68,0,0,0,0,0,0,0,0,0,0,0
E.Lacy,RB,GB,12,2013,0,0,0,1,110,0,0,0,0,0,0,0,0,0
J.Gordon,WR,CLE,12,2013,0,0,0,0,0,1,237,14,0,0,0,0,0,0
R.Gronkowski,TE,NE,12,2013,0,0,0,0,0,1,90,7,0,0,0,0,0,0
J.Tucker,K,BAL,12,2013,0,0,0,0,0,0,0,0,4,53,100,0,0,0
V.Miller,OLB,DEN,12,2013,0,0,0,0,0,0,0,0,0,0,0,6,2,0
R.Wilson,QB,NO,13,2013,3,310,73.33333333,0,0,0,0,0,0,0,0,0,0,0
A.Peterson,RB,MIN,13,2013,0,0,0,0,211,0,0,0,0,0,0,0,0,0
E.Decker,WR,DEN,13,2013,0,0,0,0,0,4,174,8,0,0,0,0,0,0
R.Gronkowski,TE,NE,13,2013,0,0,0,0,0,1,127,6,0,0,0,0,0,0
J.Tucker,K,BAL,13,2013,0,0,0,0,0,0,0,0,5,48,100,0,0,0
M.Burnett,SS,GB,13,2013,0,0,0,0,0,0,0,0,0,0,0,5,0,0
A.Luck,QB,DAL,14,2013,4,326,63.04347826,0,0,0,0,0,0,0,0,0,0,0
M.Forte,RB,CHI,14,2013,0,0,0,0,102,0,0,0,0,0,0,0,0,0
J.Gordon,WR,CLE,14,2013,0,0,0,0,0,1,151,7,0,0,0,0,0,0
J.Cameron,TE,CLE,14,2013,0,0,0,0,0,1,121,9,0,0,0,0,0,0
M.Prater,K,DEN,14,2013,0,0,0,0,0,0,0,0,3,64,100,0,0,0
L.David,OLB,TB,14,2013,0,0,0,0,0,0,0,0,0,0,0,8,1,2
N.Foles,QB,BAL,15,2013,3,428,62.5,0,0,0,0,0,0,0,0,0,0,0
J.Charles,RB,KC,15,2013,0,0,0,1,20,0,0,0,0,0,0,0,0,0
D.Jackson,WR,PHI,15,2013,0,0,0,0,0,1,195,10,0,0,0,0,0,0
T.Wright,TE,TB,15,2013,0,0,0,0,0,1,82,7,0,0,0,0,0,0
J.Tucker,K,BAL,15,2013,0,0,0,0,0,0,0,0,6,61,100,0,0,0
R.Quinn,DE,STL,15,2013,0,0,0,0,0,0,0,0,0,0,0,5,2,0
A.Dalton,QB,ATL,16,2013,4,366,71.05263158,0,0,0,0,0,0,0,0,0,0,0
J.Charles,RB,KC,16,2013,0,0,0,1,106,0,0,0,0,0,0,0,0,0
E.Decker,WR,DEN,16,2013,0,0,0,0,0,2,131,10,0,0,0,0,0,0
J.Thomas,TE,DEN,16,2013,0,0,0,0,0,1,78,6,0,0,0,0,0,0
D.Carpenter,K,BUF,16,2013,0,0,0,0,0,0,0,0,4,45,100,0,0,0
L.Kuechly,MLB,CAR,16,2013,0,0,0,0,0,0,0,0,0,0,0,9,0,1
D.Brees,QB,STL,17,2013,4,381,77.41935484,0,0,0,0,0,0,0,0,0,0,0
M.Forte,RB,CHI,17,2013,0,0,0,2,110,0,0,0,0,0,0,0,0,0
A.Boldin,WR,SF,17,2013,0,0,0,0,0,1,149,9,0,0,0,0,0,0
J.Witten,TE,DAL,17,2013,0,0,0,0,0,0,135,12,0,0,0,0,0,0
S.Gostkowski,K,NE,17,2013,0,0,0,0,0,0,0,0,4,43,100,0,0,0
N.Bowman,ILB,SF,17,2013,0,0,0,0,0,0,0,0,0,0,0,9,1,1
M.Ryan,QB,SD,1,2014,3,448,72.09302326,0,0,0,0,0,0,0,0,0,0,0
M.Forte,RB,CHI,1,2014,0,0,0,0,82,0,0,0,0,0,0,0,0,0
A.Hurns,WR,JAC,1,2014,0,0,0,0,0,2,110,4,0,0,0,0,0,0
J.Thomas,TE,DEN,1,2014,0,0,0,0,0,3,104,7,0,0,0,0,0,0
M.Nugent,K,CIN,1,2014,0,0,0,0,0,0,0,0,5,49,100,0,0,0
S.Moore,LB,OAK,1,2014,0,0,0,0,0,0,0,0,0,0,0,11,1,0
A.Rodgers,QB,PHI,2,2014,3,346,59.52380952,0,0,0,0,0,0,0,0,0,0,0
M.Asiata,RB,MIN,2,2014,0,0,0,0,36,0,0,0,0,0,0,0,0,0
J.Nelson,WR,GB,2,2014,0,0,0,0,0,1,209,9,0,0,0,0,0,0
A.Gates,TE,SD,2,2014,0,0,0,0,0,3,96,7,0,0,0,0,0,0
D.Carpenter,K,BUF,2,2014,0,0,0,0,0,0,0,0,5,38,83.33333333,0,0,0
J.Joseph,CB,HOU,2,2014,0,0,0,0,0,0,0,0,0,0,0,4,0,0
A.Luck,QB,CHI,3,2014,4,370,79.48717949,0,0,0,0,0,0,0,0,0,0,0
R.Jennings,RB,NYG,3,2014,0,0,0,1,176,0,0,0,0,0,0,0,0,0
J.Jones,WR,ATL,3,2014,0,0,0,0,0,2,161,9,0,0,0,0,0,0
M.Bennett,TE,CHI,3,2014,0,0,0,0,0,2,54,5,0,0,0,0,0,0
N.Folk,K,NYJ,3,2014,0,0,0,0,0,0,0,0,4,43,100,0,0,0
J.Jenkins,OLB,MIA,3,2014,0,0,0,0,0,0,0,0,0,0,0,10,1.5,0
P.Rivers,QB,NE,4,2014,3,377,74.35897436,0,0,0,0,0,0,0,0,0,0,0
J.Charles,RB,KC,4,2014,0,0,0,1,92,0,0,0,0,0,0,0,0,0
S.Smith,WR,BAL,4,2014,0,0,0,0,0,2,139,7,0,0,0,0,0,0
L.Donnell,TE,NYG,4,2014,0,0,0,0,0,3,54,7,0,0,0,0,0,0
B.Walsh,K,MIN,4,2014,0,0,0,0,0,0,0,0,4,55,80,0,0,0
L.David,OLB,TB,4,2014,0,0,0,0,0,0,0,0,0,0,0,10,0,0
R.Wilson,QB,SEA,5,2014,2,201,75,0,0,0,0,0,0,0,0,0,0,0
M.Forte,RB,CHI,5,2014,0,0,0,0,61,0,0,0,0,0,0,0,0,0
D.Thomas,WR,DEN,5,2014,0,0,0,0,0,2,226,8,0,0,0,0,0,0
G.Olsen,TE,CAR,5,2014,0,0,0,0,0,2,72,6,0,0,0,0,0,0
P.Dawson,K,SF,5,2014,0,0,0,0,0,0,0,0,5,55,100,0,0,0
K.Arrington,CB,NE,5,2014,0,0,0,0,0,0,0,0,0,0,0,4,0,0
J.Flacco,QB,SF,6,2014,5,306,72.4137931,0,0,0,0,0,0,0,0,0,0,0
M.Forte,RB,CHI,6,2014,0,0,0,2,80,0,0,0,0,0,0,0,0,0
T.Hilton,WR,IND,6,2014,0,0,0,0,0,1,223,9,0,0,0,0,0,0
J.Amaro,TE,NYJ,6,2014,0,0,0,0,0,1,68,10,0,0,0,0,0,0
S.Gostkowski,K,NE,6,2014,0,0,0,0,0,0,0,0,3,53,75,0,0,0
J.Watt,DE,HOU,6,2014,0,0,0,0,0,0,0,0,0,0,0,4,2,0
R.Wilson,QB,HOU,7,2014,2,313,63.88888889,0,0,0,0,0,0,0,0,0,0,0
S.Vereen,RB,NE,7,2014,0,0,0,0,47,0,0,0,0,0,0,0,0,0
D.Thomas,WR,DEN,7,2014,0,0,0,0,0,2,171,8,0,0,0,0,0,0
G.Escobar,TE,DAL,7,2014,0,0,0,0,0,2,65,3,0,0,0,0,0,0
N.Folk,K,NYJ,7,2014,0,0,0,0,0,0,0,0,4,47,100,0,0,0
A.Barr,OLB,MIN,7,2014,0,0,0,0,0,0,0,0,0,0,0,8,0,0
B.Roethlisberger,QB,WAS,8,2014,6,522,81.63265306,0,0,0,0,0,0,0,0,0,0,0
D.Murray,RB,DAL,8,2014,0,0,0,0,141,0,0,0,0,0,0,0,0,0
J.Maclin,WR,PHI,8,2014,0,0,0,0,0,2,187,12,0,0,0,0,0,0
R.Gronkowski,TE,NE,8,2014,0,0,0,0,0,3,149,9,0,0,0,0,0,0
M.Prater,K,DET,8,2014,0,0,0,0,0,0,0,0,3,48,100,0,0,0
A.Barr,OLB,MIN,8,2014,0,0,0,0,0,0,0,0,0,0,0,8,1,0
A.Luck,QB,IND,9,2014,4,354,54.34782609,0,0,0,0,0,0,0,0,0,0,0
A.Ellington,RB,ARI,9,2014,0,0,0,0,95,0,0,0,0,0,0,0,0,0
J.Maclin,WR,PHI,9,2014,0,0,0,0,0,2,158,6,0,0,0,0,0,0
R.Gronkowski,TE,NE,9,2014,0,0,0,0,0,1,105,9,0,0,0,0,0,0
A.Vinatieri,K,IND,9,2014,0,0,0,0,0,0,0,0,4,48,100,0,0,0
M.Kendricks,ILB,PHI,9,2014,0,0,0,0,0,0,0,0,0,0,0,5,1,0
A.Rodgers,QB,CAR,10,2014,6,315,66.66666667,0,0,0,0,0,0,0,0,0,0,0
C.Anderson,RB,DEN,10,2014,0,0,0,0,90,0,0,0,0,0,0,0,0,0
D.Bryant,WR,DAL,10,2014,0,0,0,0,0,2,158,6,0,0,0,0,0,0
J.Graham,TE,NO,10,2014,0,0,0,0,0,2,76,10,0,0,0,0,0,0
M.Bryant,K,ATL,10,2014,0,0,0,0,0,0,0,0,4,44,100,0,0,0
J.McCourty,CB,TEN,10,2014,0,0,0,0,0,0,0,0,0,0,0,4,0,0
A.Rodgers,QB,PIT,11,2014,3,341,61.11111111,0,0,0,0,0,0,0,0,0,0,0
L.Bell,RB,PIT,11,2014,0,0,0,1,204,0,0,0,0,0,0,0,0,0
M.Evans,WR,TB,11,2014,0,0,0,0,0,2,209,7,0,0,0,0,0,0
J.Gresham,TE,CIN,11,2014,0,0,0,0,0,2,13,2,0,0,0,0,0,0
G.Zuerlein,K,STL,11,2014,0,0,0,0,0,0,0,0,5,55,100,0,0,0
E.Thomas,FS,SEA,11,2014,0,0,0,0,0,0,0,0,0,0,0,10,0,0
D.Brees,QB,BAL,12,2014,3,420,77.77777778,0,0,0,0,0,0,0,0,0,0,0
J.Charles,RB,KC,12,2014,0,0,0,0,80,0,0,0,0,0,0,0,0,0
D.Thomas,WR,DEN,12,2014,0,0,0,0,0,3,87,10,0,0,0,0,0,0
J.Graham,TE,NO,12,2014,0,0,0,0,0,2,47,6,0,0,0,0,0,0
S.Hauschka,K,SEA,12,2014,0,0,0,0,0,0,0,0,4,52,100,0,0,0
T.Smith,OLB,JAC,12,2014,0,0,0,0,0,0,0,0,0,0,0,9,0,0
R.Fitzpatrick,QB,MIA,13,2014,6,358,72.72727273,0,0,0,0,0,0,0,0,0,0,0
L.Bell,RB,PIT,13,2014,0,0,0,1,95,0,0,0,0,0,0,0,0,0
D.Hopkins,WR,HOU,13,2014,0,0,0,0,0,2,238,9,0,0,0,0,0,0
C.Fleener,TE,IND,13,2014,0,0,0,0,0,2,127,4,0,0,0,0,0,0
M.Bryant,K,ATL,13,2014,0,0,0,0,0,0,0,0,5,45,100,0,0,0
R.Quinn,DE,STL,13,2014,0,0,0,0,0,0,0,0,0,0,0,5,3,0
C.Newton,QB,ATL,14,2014,3,226,63.63636364,0,0,0,0,0,0,0,0,0,0,0
L.Bell,RB,PIT,14,2014,0,0,0,2,185,0,0,0,0,0,0,0,0,0
J.Jones,WR,ATL,14,2014,0,0,0,0,0,1,259,11,0,0,0,0,0,0
G.Olsen,TE,CAR,14,2014,0,0,0,0,0,1,72,10,0,0,0,0,0,0
N.Folk,K,NYJ,14,2014,0,0,0,0,0,0,0,0,5,44,100,0,0,0
C.Robertson,LB,CLE,14,2014,0,0,0,0,0,0,0,0,0,0,0,10,0,0
D.Brees,QB,NO,15,2014,3,375,80.55555556,0,0,0,0,0,0,0,0,0,0,0
E.Lacy,RB,GB,15,2014,0,0,0,1,97,0,0,0,0,0,0,0,0,0
O.Beckham,WR,NYG,15,2014,0,0,0,0,0,3,143,12,0,0,0,0,0,0
G.Olsen,TE,CAR,15,2014,0,0,0,0,0,0,110,10,0,0,0,0,0,0
C.Barth,K,DEN,15,2014,0,0,0,0,0,0,0,0,5,49,100,0,0,0
J.Pierre-Paul,DE,NYG,15,2014,0,0,0,0,0,0,0,0,0,0,0,6,2.5,0
R.Tannehill,QB,DEN,16,2014,4,396,74.46808511,0,0,0,0,0,0,0,0,0,0,0
M.Forte,RB,CHI,16,2014,0,0,0,0,55,0,0,0,0,0,0,0,0,0
O.Beckham,WR,NYG,16,2014,0,0,0,0,0,2,148,8,0,0,0,0,0,0
A.Gates,TE,SD,16,2014,0,0,0,0,0,2,92,7,0,0,0,0,0,0
R.Bullock,K,HOU,16,2014,0,0,0,0,0,0,0,0,6,39,100,0,0,0
R.Kerrigan,OLB,WAS,16,2014,0,0,0,0,0,0,0,0,0,0,0,6,1,0
J.Flacco,QB,STL,17,2014,2,312,61.11111111,0,0,0,0,0,0,0,0,0,0,0
J.Todman,RB,JAC,17,2014,0,0,0,0,52,0,0,0,0,0,0,0,0,0
E.Decker,WR,NYJ,17,2014,0,0,0,0,0,1,221,10,0,0,0,0,0,0
C.Fleener,TE,IND,17,2014,0,0,0,0,0,2,56,5,0,0,0,0,0,0
C.Santos,K,KC,17,2014,0,0,0,0,0,0,0,0,4,43,80,0,0,0
M.Herzlich,OLB,NYG,17,2014,0,0,0,0,0,0,0,0,0,0,0,5,1,0
T.Brady,QB,MIN,1,2015,4,288,78.125,0,0,0,0,0,0,0,0,0,0,0
M.Forte,RB,CHI,1,2015,0,0,0,1,141,0,0,0,0,0,0,0,0,0
J.Jones,WR,ATL,1,2015,0,0,0,0,0,2,141,9,0,0,0,0,0,0
R.Gronkowski,TE,NE,1,2015,0,0,0,0,0,3,94,5,0,0,0,0,0,0
B.McManus,K,DEN,1,2015,0,0,0,0,0,0,0,0,4,57,100,0,0,0
U.Unga,LB,NYG,1,2015,0,0,0,0,0,0,0,0,0,0,0,10,0,1
B.Roethlisberger,QB,NYJ,2,2015,3,369,77.77777778,0,0,0,0,0,0,0,0,0,0,0
A.Peterson,RB,MIN,2,2015,0,0,0,0,134,0,0,0,0,0,0,0,0,0
L.Fitzgerald,WR,ARI,2,2015,0,0,0,0,0,3,112,8,0,0,0,0,0,0
C.Gillmore,TE,BAL,2,2015,0,0,0,0,0,2,88,5,0,0,0,0,0,0
S.Gostkowski,K,NE,2,2015,0,0,0,0,0,0,0,0,4,50,100,0,0,0
R.Shazier,ILB,PIT,2,2015,0,0,0,0,0,0,0,0,0,0,0,11,1,0
A.Rodgers,QB,KC,3,2015,5,333,68.57142857,0,0,0,0,0,0,0,0,0,0,0
L.Bell,RB,PIT,3,2015,0,0,0,1,62,0,0,0,0,0,0,0,0,0
A.Green,WR,CIN,3,2015,0,0,0,0,0,2,227,10,0,0,0,0,0,0
G.Olsen,TE,CAR,3,2015,0,0,0,0,0,2,134,8,0,0,0,0,0,0
S.Hauschka,K,SEA,3,2015,0,0,0,0,0,0,0,0,4,48,100,0,0,0
J.Hicks,ILB,PHI,3,2015,0,0,0,0,0,0,0,0,0,0,0,9,0,1
P.Rivers,QB,DET,4,2015,3,358,60.52631579,0,0,0,0,0,0,0,0,0,0,0
D.Johnson,RB,CLE,4,2015,0,0,0,0,31,0,0,0,0,0,0,0,0,0
V.Jackson,WR,TB,4,2015,0,0,0,0,0,1,147,10,0,0,0,0,0,0
M.Bennett,TE,CHI,4,2015,0,0,0,0,0,1,83,11,0,0,0,0,0,0
C.Santos,K,KC,4,2015,0,0,0,0,0,0,0,0,7,51,100,0,0,0
J.Cyprien,SS,JAC,4,2015,0,0,0,0,0,0,0,0,0,0,0,11,0,0
J.McCown,QB,PIT,5,2015,2,457,70.58823529,0,0,0,0,0,0,0,0,0,0,0
D.Freeman,RB,ATL,5,2015,0,0,0,1,153,0,0,0,0,0,0,0,0,0
J.Edelman,WR,NE,5,2015,0,0,0,0,0,1,120,4,0,0,0,0,0,0
A.Gates,TE,SD,5,2015,0,0,0,0,0,2,92,9,0,0,0,0,0,0
C.Sturgis,K,PHI,5,2015,0,0,0,0,0,0,0,0,4,41,100,0,0,0
F.Cox,DE,PHI,5,2015,0,0,0,0,0,0,0,0,0,0,0,6,3,0
M.Stafford,QB,NYG,6,2015,4,405,64.28571429,0,0,0,0,0,0,0,0,0,0,0
D.Freeman,RB,ATL,6,2015,0,0,0,1,100,0,0,0,0,0,0,0,0,0
D.Hopkins,WR,HOU,6,2015,0,0,0,0,0,2,148,10,0,0,0,0,0,0
B.Watson,TE,NO,6,2015,0,0,0,0,0,1,127,10,0,0,0,0,0,0
C.Boswell,K,PIT,6,2015,0,0,0,0,0,0,0,0,4,51,100,0,0,0
D.Ellerbe,OLB,NO,6,2015,0,0,0,0,0,0,0,0,0,0,0,13,0,0
T.Brady,QB,BAL,7,2015,2,355,62.96296296,0,0,0,0,0,0,0,0,0,0,0
L.Miller,RB,MIA,7,2015,0,0,0,1,175,0,0,0,0,0,0,0,0,0
T.Hilton,WR,IND,7,2015,0,0,0,0,0,2,150,4,0,0,0,0,0,0
J.Reed,TE,WAS,7,2015,0,0,0,0,0,2,72,11,0,0,0,0,0,0
B.Walsh,K,MIN,7,2015,0,0,0,0,0,0,0,0,5,53,100,0,0,0
D.Hightower,OLB,NE,7,2015,0,0,0,0,0,0,0,0,0,0,0,10,0,0
D.Brees,QB,IND,8,2015,7,511,80,0,0,0,0,0,0,0,0,0,0,0
D.Freeman,RB,ATL,8,2015,0,0,0,0,88,0,0,0,0,0,0,0,0,0
O.Beckham Jr.,WR,NYG,8,2015,0,0,0,0,0,3,130,8,0,0,0,0,0,0
B.Watson,TE,NO,8,2015,0,0,0,0,0,1,147,9,0,0,0,0,0,0
J.Tucker,K,BAL,8,2015,0,0,0,0,0,0,0,0,5,48,100,0,0,0
K.Alexander,MLB,TB,8,2015,0,0,0,0,0,0,0,0,0,0,0,6,0,1
A.Rodgers,QB,CHI,9,2015,4,369,52.08333333,0,0,0,0,0,0,0,0,0,0,0
De.Williams,RB,PIT,9,2015,0,0,0,2,170,0,0,0,0,0,0,0,0,0
A.Brown,WR,PIT,9,2015,0,0,0,0,0,0,284,17,0,0,0,0,0,0
D.Walker,TE,TEN,9,2015,0,0,0,0,0,2,95,7,0,0,0,0,0,0
G.Zuerlein,K,STL,9,2015,0,0,0,0,0,0,0,0,4,61,80,0,0,0
B.Graham,OLB,PHI,9,2015,0,0,0,0,0,0,0,0,0,0,0,7,2,0
K.Cousins,QB,HOU,10,2015,4,324,80,0,0,0,0,0,0,0,0,0,0,0
J.Langford,RB,CHI,10,2015,0,0,0,1,73,0,0,0,0,0,0,0,0,0
A.Brown,WR,PIT,10,2015,0,0,0,0,0,2,139,10,0,0,0,0,0,0
Z.Miller,TE,CHI,10,2015,0,0,0,0,0,2,107,5,0,0,0,0,0,0
C.Santos,K,KC,10,2015,0,0,0,0,0,0,0,0,5,50,83.33333333,0,0,0
K.Wright,OLB,SEA,10,2015,0,0,0,0,0,0,0,0,0,0,0,4,1,0
C.Newton,QB,BUF,11,2015,5,246,61.76470588,0,0,0,0,0,0,0,0,0,0,0
G.Bernard,RB,CIN,11,2015,0,0,0,0,18,0,0,0,0,0,0,0,0,0
D.Hopkins,WR,HOU,11,2015,0,0,0,0,0,2,118,5,0,0,0,0,0,0
K.Rudolph,TE,MIN,11,2015,0,0,0,0,0,1,106,6,0,0,0,0,0,0
M.Crosby,K,GB,11,2015,0,0,0,0,0,0,0,0,5,52,100,0,0,0
D.Jackson,ILB,IND,11,2015,0,0,0,0,0,0,0,0,0,0,0,6,1,1
R.Tannehill,QB,BAL,12,2015,3,351,56.89655172,0,0,0,0,0,0,0,0,0,0,0
E.Lacy,RB,GB,12,2015,0,0,0,0,105,0,0,0,0,0,0,0,0,0
D.Baldwin,WR,SEA,12,2015,0,0,0,0,0,3,145,6,0,0,0,0,0,0
J.Thomas,TE,JAC,12,2015,0,0,0,0,0,1,116,9,0,0,0,0,0,0
G.Gano,K,CAR,12,2015,0,0,0,0,0,0,0,0,4,50,100,0,0,0
E.Ansah,DE,DET,12,2015,0,0,0,0,0,0,0,0,0,0,0,3,3.5,0
C.Newton,QB,DAL,13,2015,5,331,68.29268293,0,0,0,0,0,0,0,0,0,0,0
J.Allen,RB,BAL,13,2015,0,0,0,0,63,0,0,0,0,0,0,0,0,0
A.Robinson,WR,JAC,13,2015,0,0,0,0,0,3,153,10,0,0,0,0,0,0
R.Rodgers,TE,GB,13,2015,0,0,0,0,0,1,146,8,0,0,0,0,0,0
D.Bailey,K,DAL,13,2015,0,0,0,0,0,0,0,0,4,54,100,0,0,0
D.Johnson,ILB,KC,13,2015,0,0,0,0,0,0,0,0,0,0,0,13,1,0
R.Wilson,QB,NYG,14,2015,5,292,71.875,0,0,0,0,0,0,0,0,0,0,0
J.Starks,RB,GB,14,2015,0,0,0,1,71,0,0,0,0,0,0,0,0,0
O.Beckham Jr.,WR,NYG,14,2015,0,0,0,0,0,2,166,7,0,0,0,0,0,0
J.Reed,TE,WAS,14,2015,0,0,0,0,0,1,120,9,0,0,0,0,0,0
C.Boswell,K,PIT,14,2015,0,0,0,0,0,0,0,0,4,47,100,0,0,0
K.Mack,DE,OAK,14,2015,0,0,0,0,0,0,0,0,0,0,0,6,5,0
C.Newton,QB,DET,15,2015,5,340,55.55555556,0,0,0,0,0,0,0,0,0,0,0
D.Woodhead,RB,SD,15,2015,0,0,0,1,10,0,0,0,0,0,0,0,0,0
A.Brown,WR,PIT,15,2015,0,0,0,0,0,2,189,16,0,0,0,0,0,0
J.Reed,TE,WAS,15,2015,0,0,0,0,0,2,84,7,0,0,0,0,0,0
S.Gostkowski,K,NE,15,2015,0,0,0,0,0,0,0,0,4,43,80,0,0,0
M.Adams,SS,IND,15,2015,0,0,0,0,0,0,0,0,0,0,0,5,0,0
K.Cousins,QB,CIN,16,2015,4,365,67.39130435,0,0,0,0,0,0,0,0,0,0,0
D.Williams,RB,PIT,16,2015,0,0,0,2,100,0,0,0,0,0,0,0,0,0
J.Jones,WR,ATL,16,2015,0,0,0,0,0,1,178,9,0,0,0,0,0,0
J.Reed,TE,WAS,16,2015,0,0,0,0,0,2,129,9,0,0,0,0,0,0
B.Walsh,K,MIN,16,2015,0,0,0,0,0,0,0,0,5,53,100,0,0,0
J.Collins,OLB,NE,16,2015,0,0,0,0,0,0,0,0,0,0,0,6,0,0
R.Tannehill,QB,STL,17,2015,2,350,65.78947368,0,0,0,0,0,0,0,0,0,0,0
D.Harris,RB,SF,17,2015,0,0,0,0,67,0,0,0,0,0,0,0,0,0
A.Brown,WR,PIT,17,2015,0,0,0,0,0,1,187,13,0,0,0,0,0,0
Z.Ertz,TE,PHI,17,2015,0,0,0,0,0,0,152,9,0,0,0,0,0,0
P.Dawson,K,SF,17,2015,0,0,0,0,0,0,0,0,4,38,100,0,0,0
L.David,OLB,TB,17,2015,0,0,0,0,0,0,0,0,0,0,0,4,1,0
A.Luck,QB,LA,1,2016,4,385,65.95744681,0,0,0,0,0,0,0,0,0,0,0
S.Ware,RB,KC,1,2016,0,0,0,1,70,0,0,0,0,0,0,0,0,0
A.Green,WR,CIN,1,2016,0,0,0,0,0,1,180,12,0,0,0,0,0,0
J.Doyle,TE,IND,1,2016,0,0,0,0,0,2,35,3,0,0,0,0,0,0
B.Walsh,K,MIN,1,2016,0,0,0,0,0,0,0,0,4,50,66.66666667,0,0,0
K.Alexander,MLB,TB,1,2016,0,0,0,0,0,0,0,0,0,0,0,15,1,0
C.Newton,QB,PHI,2,2016,4,353,60,0,0,0,0,0,0,0,0,0,0,0
G.Bernard,RB,CIN,2,2016,0,0,0,0,17,0,0,0,0,0,0,0,0,0
S.Diggs,WR,MIN,2,2016,0,0,0,0,0,1,182,9,0,0,0,0,0,0
G.Olsen,TE,CAR,2,2016,0,0,0,0,0,1,122,5,0,0,0,0,0,0
G.Gano,K,CAR,2,2016,0,0,0,0,0,0,0,0,4,49,100,0,0,0
A.Ogletree,OLB,LA,2,2016,0,0,0,0,0,0,0,0,0,0,0,8,0,0
J.Winston,QB,ATL,3,2016,3,405,62.06896552,0,0,0,0,0,0,0,0,0,0,0
D.Freeman,RB,ATL,3,2016,0,0,0,0,152,0,0,0,0,0,0,0,0,0
M.Jones,WR,DET,3,2016,0,0,0,0,0,2,205,6,0,0,0,0,0,0
Z.Miller,TE,CHI,3,2016,0,0,0,0,0,2,78,8,0,0,0,0,0,0
D.Hopkins,K,WAS,3,2016,0,0,0,0,0,0,0,0,5,49,100,0,0,0
H.Smith,FS,MIN,3,2016,0,0,0,0,0,0,0,0,0,0,0,6,1,0
M.Ryan,QB,NYG,4,2016,4,503,75.67567568,0,0,0,0,0,0,0,0,0,0,0
L.McCoy,RB,BUF,4,2016,0,0,0,0,70,0,0,0,0,0,0,0,0,0
J.Jones,WR,ATL,4,2016,0,0,0,0,0,1,300,12,0,0,0,0,0,0
J.Reed,TE,WAS,4,2016,0,0,0,0,0,2,73,9,0,0,0,0,0,0
M.Nugent,K,CIN,4,2016,0,0,0,0,0,0,0,0,5,47,100,0,0,0
Z.Brown,LB,BUF,4,2016,0,0,0,0,0,0,0,0,0,0,0,13,1,0
T.Brady,QB,TB,5,2016,3,406,70,0,0,0,0,0,0,0,0,0,0,0
D.Johnson,RB,ARI,5,2016,0,0,0,2,157,0,0,0,0,0,0,0,0,0
T.Hilton,WR,IND,5,2016,0,0,0,0,0,1,171,10,0,0,0,0,0,0
M.Bennett,TE,NE,5,2016,0,0,0,0,0,3,67,6,0,0,0,0,0,0
A.Vinatieri,K,IND,5,2016,0,0,0,0,0,0,0,0,5,54,100,0,0,0
V.Beasley,LB,ATL,5,2016,0,0,0,0,0,0,0,0,0,0,0,7,3.5,0
D.Brees,QB,NYJ,6,2016,4,465,69.3877551,0,0,0,0,0,0,0,0,0,0,0
J.White,RB,NE,6,2016,0,0,0,0,19,0,0,0,0,0,0,0,0,0
O.Beckham,WR,NYG,6,2016,0,0,0,0,0,2,222,8,0,0,0,0,0,0
R.Gronkowski,TE,NE,6,2016,0,0,0,0,0,1,162,7,0,0,0,0,0,0
J.Lambo,K,SD,6,2016,0,0,0,0,0,0,0,0,4,37,100,0,0,0
D.Irving,DT,DAL,6,2016,0,0,0,0,0,0,0,0,0,0,0,3,1,0
A.Luck,QB,HOU,7,2016,3,353,69.23076923,0,0,0,0,0,0,0,0,0,0,0
L.Bell,RB,PIT,7,2016,0,0,0,0,81,0,0,0,0,0,0,0,0,0
D.Adams,WR,GB,7,2016,0,0,0,0,0,2,132,13,0,0,0,0,0,0
J.Doyle,TE,IND,7,2016,0,0,0,0,0,1,78,9,0,0,0,0,0,0
S.Janikowski,K,OAK,7,2016,0,0,0,0,0,0,0,0,4,52,100,0,0,0
L.Floyd,OLB,CHI,7,2016,0,0,0,0,0,0,0,0,0,0,0,2,2,0
D.Carr,QB,MIN,8,2016,4,513,67.79661017,0,0,0,0,0,0,0,0,0,0,0
T.Riddick,RB,DET,8,2016,0,0,0,0,56,0,0,0,0,0,0,0,0,0
A.Cooper,WR,OAK,8,2016,0,0,0,0,0,1,173,12,0,0,0,0,0,0
T.Eifert,TE,CIN,8,2016,0,0,0,0,0,1,102,9,0,0,0,0,0,0
W.Lutz,K,NO,8,2016,0,0,0,0,0,0,0,0,4,53,100,0,0,0
S.Lotulelei,DT,CAR,8,2016,0,0,0,0,0,0,0,0,0,0,0,5,3,0
M.Ryan,QB,BUF,9,2016,4,344,73.52941176,0,0,0,0,0,0,0,0,0,0,0
M.Gordon,RB,SD,9,2016,0,0,0,1,196,0,0,0,0,0,0,0,0,0
M.Evans,WR,TB,9,2016,0,0,0,0,0,2,150,11,0,0,0,0,0,0
J.Graham,TE,SEA,9,2016,0,0,0,0,0,2,103,8,0,0,0,0,0,0
C.Santos,K,KC,9,2016,0,0,0,0,0,0,0,0,4,51,100,0,0,0
T.Davis,OLB,CAR,9,2016,0,0,0,0,0,0,0,0,0,0,0,10,1,1
B.Roethlisberger,QB,CIN,10,2016,3,408,80.43478261,0,0,0,0,0,0,0,0,0,0,0
E.Elliott,RB,DAL,10,2016,0,0,0,2,114,0,0,0,0,0,0,0,0,0
A.Brown,WR,PIT,10,2016,0,0,0,0,0,1,154,14,0,0,0,0,0,0
D.Walker,TE,TEN,10,2016,0,0,0,0,0,1,124,9,0,0,0,0,0,0
C.Santos,K,KC,10,2016,0,0,0,0,0,0,0,0,4,47,100,0,0,0
M.Peters,CB,KC,10,2016,0,0,0,0,0,0,0,0,0,0,0,5,0,0
A.Rodgers,QB,HOU,11,2016,3,351,63.41463415,0,0,0,0,0,0,0,0,0,0,0
D.Johnson,RB,ARI,11,2016,0,0,0,1,103,0,0,0,0,0,0,0,0,0
D.Bryant,WR,DAL,11,2016,0,0,0,0,0,2,80,6,0,0,0,0,0,0
J.Cook,TE,GB,11,2016,0,0,0,0,0,1,105,6,0,0,0,0,0,0
R.Aguayo,K,TB,11,2016,0,0,0,0,0,0,0,0,4,41,100,0,0,0
K.Alonso,LB,MIA,11,2016,0,0,0,0,0,0,0,0,0,0,0,6,0,0
K.Cousins,QB,GB,12,2016,3,449,77.35849057,0,0,0,0,0,0,0,0,0,0,0
D.Johnson,RB,ARI,12,2016,0,0,0,0,58,0,0,0,0,0,0,0,0,0
A.Brown,WR,PIT,12,2016,0,0,0,0,0,3,91,5,0,0,0,0,0,0
J.Reed,TE,WAS,12,2016,0,0,0,0,0,2,95,10,0,0,0,0,0,0
J.Tucker,K,BAL,12,2016,0,0,0,0,0,0,0,0,4,57,100,0,0,0
J.Pierre-Paul,DE,NYG,12,2016,0,0,0,0,0,0,0,0,0,0,0,5,3,0
J.Flacco,QB,IND,13,2016,4,381,76.59574468,0,0,0,0,0,0,0,0,0,0,0
D.Johnson,RB,ARI,13,2016,0,0,0,1,84,0,0,0,0,0,0,0,0,0
G.Tate,WR,DET,13,2016,0,0,0,0,0,1,145,8,0,0,0,0,0,0
D.Allen,TE,IND,13,2016,0,0,0,0,0,3,72,4,0,0,0,0,0,0
M.Prater,K,DET,13,2016,0,0,0,0,0,0,0,0,5,52,100,0,0,0
V.Burfict,OLB,CIN,13,2016,0,0,0,0,0,0,0,0,0,0,0,10,0,2
T.Brady,QB,BAL,14,2016,3,406,65.78947368,0,0,0,0,0,0,0,0,0,0,0
L.Bell,RB,PIT,14,2016,0,0,0,3,236,0,0,0,0,0,0,0,0,0
E.Sanders,WR,DEN,14,2016,0,0,0,0,0,1,100,11,0,0,0,0,0,0
T.Eifert,TE,CIN,14,2016,0,0,0,0,0,2,48,5,0,0,0,0,0,0
N.Novak,K,HOU,14,2016,0,0,0,0,0,0,0,0,5,52,100,0,0,0
S.Lee,OLB,DAL,14,2016,0,0,0,0,0,0,0,0,0,0,0,11,0,0
D.Brees,QB,CAR,15,2016,4,389,77.08333333,0,0,0,0,0,0,0,0,0,0,0
B.Powell,RB,NYJ,15,2016,0,0,0,0,84,0,0,0,0,0,0,0,0,0
B.Cooks,WR,NO,15,2016,0,0,0,0,0,2,186,7,0,0,0,0,0,0
C.Clay,TE,BUF,15,2016,0,0,0,0,0,1,72,7,0,0,0,0,0,0
C.Boswell,K,PIT,15,2016,0,0,0,0,0,0,0,0,6,49,100,0,0,0
K.Alexander,MLB,TB,15,2016,0,0,0,0,0,0,0,0,0,0,0,11,0,0
R.Wilson,QB,DET,16,2016,4,350,64.44444444,0,0,0,0,0,0,0,0,0,0,0
D.Freeman,RB,ATL,16,2016,0,0,0,0,53,0,0,0,0,0,0,0,0,0
A.Thielen,WR,MIN,16,2016,0,0,0,0,0,2,202,12,0,0,0,0,0,0
T.Kelce,TE,KC,16,2016,0,0,0,0,0,1,160,11,0,0,0,0,0,0
M.Bryant,K,ATL,16,2016,0,0,0,0,0,0,0,0,4,51,100,0,0,0
T.Davis,MLB,DEN,16,2016,0,0,0,0,0,0,0,0,0,0,0,10,0,0
A.Rodgers,QB,SEA,17,2016,4,300,69.23076923,0,0,0,0,0,0,0,0,0,0,0
C.West,RB,KC,17,2016,0,0,0,0,58,0,0,0,0,0,0,0,0,0
M.Thomas,WR,NO,17,2016,0,0,0,0,0,1,156,10,0,0,0,0,0,0
Z.Ertz,TE,PHI,17,2016,0,0,0,0,0,2,139,13,0,0,0,0,0,0
S.Hauschka,K,SEA,17,2016,0,0,0,0,0,0,0,0,4,33,100,0,0,0
B.Wagner,MLB,SEA,17,2016,0,0,0,0,0,0,0,0,0,0,0,10,2,0
A.Smith,QB,LAC,1,2017,4,368,80.0,0,0,0,0,0,0,0,0,0,0,0
K.Hunt,RB,KC,1,2017,0,0,0,1,148,0,0,0,0,0,0,0,0,0
T.Hill,WR,KC,1,2017,0,0,0,0,0,1,133,7,0,0,0,0,0,0
J.James,TE,PIT,1,2017,0,0,0,0,0,2,41,6,0,0,0,0,0,0
G.Tavecchio,K,OAK,1,2017,0,0,0,0,0,0,0,0,4,52,100.0,0,0,0
Y.Ngakoue,DE,JAX,1,2017,0,0,0,0,0,0,0,0,0,0,0,3,2,0
C.Wentz,QB,DET,2,2017,2,333,54.347826087,0,0,0,0,0,0,0,0,0,0,0
T.Gurley,RB,LA,2,2017,0,0,0,1,88,0,0,0,0,0,0,0,0,0
M.Crabtree,WR,OAK,2,2017,0,0,0,0,0,3,80,6,0,0,0,0,0,0
J.Witten,TE,DAL,2,2017,0,0,0,0,0,1,97,10,0,0,0,0,0,0
C.Boswell,K,PIT,2,2017,0,0,0,0,0,0,0,0,4,46,100.0,0,0,0
C.Jones,DE,KC,2,2017,0,0,0,0,0,0,0,0,0,0,0,4,3,1
R.Wilson,QB,DAL,3,2017,4,373,59.1836734694,0,0,0,0,0,0,0,0,0,0,0
C.Thompson,RB,WAS,3,2017,0,0,0,0,38,0,0,0,0,0,0,0,0,0
S.Diggs,WR,MIN,3,2017,0,0,0,0,0,2,173,8,0,0,0,0,0,0
M.Lewis,TE,JAX,3,2017,0,0,0,0,0,3,62,4,0,0,0,0,0,0
S.Hauschka,K,BUF,3,2017,0,0,0,0,0,0,0,0,4,55,100.0,0,0,0
R.Shazier,ILB,PIT,3,2017,0,0,0,0,0,0,0,0,0,0,0,11,0,0
A.Dalton,QB,WAS,4,2017,4,286,83.3333333333,0,0,0,0,0,0,0,0,0,0,0
T.Gurley,RB,LA,4,2017,0,0,0,0,121,0,0,0,0,0,0,0,0,0
D.Hopkins,WR,HOU,4,2017,0,0,0,0,0,1,107,10,0,0,0,0,0,0
T.Kroft,TE,CIN,4,2017,0,0,0,0,0,2,68,6,0,0,0,0,0,0
G.Zuerlein,K,LA,4,2017,0,0,0,0,0,0,0,0,7,49,100.0,0,0,0
E.Ogbah,DE,CLE,4,2017,0,0,0,0,0,0,0,0,0,0,0,4,1,0
D.Watson,QB,MIN,5,2017,5,261,51.6129032258,0,0,0,0,0,0,0,0,0,0,0
M.Gordon,RB,LAC,5,2017,0,0,0,0,105,0,0,0,0,0,0,0,0,0
A.Green,WR,CIN,5,2017,0,0,0,0,0,1,189,7,0,0,0,0,0,0
E.Dickson,TE,CAR,5,2017,0,0,0,0,0,0,175,5,0,0,0,0,0,0
H.Butker,K,KC,5,2017,0,0,0,0,0,0,0,0,5,49,100.0,0,0,0
R.Jones,FS,MIA,5,2017,0,0,0,0,0,0,0,0,0,0,0,6,0.5,0
C.Palmer,QB,IND,6,2017,3,283,81.8181818182,0,0,0,0,0,0,0,0,0,0,0
M.Gordon,RB,LAC,6,2017,0,0,0,1,83,0,0,0,0,0,0,0,0,0
A.Brown,WR,PIT,6,2017,0,0,0,0,0,1,155,8,0,0,0,0,0,0
R.Gronkowski,TE,NE,6,2017,0,0,0,0,0,2,83,6,0,0,0,0,0,0
R.Succop,K,TEN,6,2017,0,0,0,0,0,0,0,0,5,48,100.0,0,0,0
C.Robertson,OLB,NO,6,2017,0,0,0,0,0,0,0,0,0,0,0,4,1,0
C.Wentz,QB,WAS,7,2017,4,268,68.0,0,0,0,0,0,0,0,0,0,0,0
E.Elliott,RB,DAL,7,2017,0,0,0,2,147,0,0,0,0,0,0,0,0,0
A.Cooper,WR,OAK,7,2017,0,0,0,0,0,2,210,11,0,0,0,0,0,0
O.Howard,TE,TB,7,2017,0,0,0,0,0,2,98,6,0,0,0,0,0,0
K.Forbath,K,MIN,7,2017,0,0,0,0,0,0,0,0,6,52,100.0,0,0,0
L.David,OLB,TB,7,2017,0,0,0,0,0,0,0,0,0,0,0,12,0,0
R.Wilson,QB,DEN,8,2017,4,452,63.4146341463,0,0,0,0,0,0,0,0,0,0,0
L.McCoy,RB,BUF,8,2017,0,0,0,1,151,0,0,0,0,0,0,0,0,0
D.Hopkins,WR,HOU,8,2017,0,0,0,0,0,1,224,8,0,0,0,0,0,0
J.Doyle,TE,IND,8,2017,0,0,0,0,0,1,121,12,0,0,0,0,0,0
M.Prater,K,DET,8,2017,0,0,0,0,0,0,0,0,5,51,100.0,0,0,0
L.Kuechly,MLB,CAR,8,2017,0,0,0,0,0,0,0,0,0,0,0,6,0,1
J.Cutler,QB,DET,9,2017,3,311,80.9523809524,0,0,0,0,0,0,0,0,0,0,0
A.Kamara,RB,NO,9,2017,0,0,0,1,68,0,0,0,0,0,0,0,0,0
T.Hilton,WR,IND,9,2017,0,0,0,0,0,2,175,5,0,0,0,0,0,0
T.Kelce,TE,KC,9,2017,0,0,0,0,0,1,73,7,0,0,0,0,0,0
J.Lambo,K,JAX,9,2017,0,0,0,0,0,0,0,0,3,56,100.0,0,0,0
K.Neal,SS,ATL,9,2017,0,0,0,0,0,0,0,0,0,0,0,6,0,0
C.Newton,QB,MIA,10,2017,4,254,60.0,0,0,0,0,0,0,0,0,0,0,0
A.Ekeler,RB,LAC,10,2017,0,0,0,0,42,0,0,0,0,0,0,0,0,0
R.Woods,WR,LA,10,2017,0,0,0,0,0,2,171,8,0,0,0,0,0,0
J.Graham,TE,SEA,10,2017,0,0,0,0,0,2,27,6,0,0,0,0,0,0
G.Zuerlein,K,LA,10,2017,0,0,0,0,0,0,0,0,4,50,100.0,0,0,0
A.Clayborn,DE,ATL,10,2017,0,0,0,0,0,0,0,0,0,0,0,6,6,0
B.Roethlisberger,QB,ATL,11,2017,4,299,66.6666666667,0,0,0,0,0,0,0,0,0,0,0
A.Kamara,RB,NO,11,2017,0,0,0,0,42,0,0,0,0,0,0,0,0,0
A.Brown,WR,PIT,11,2017,0,0,0,0,0,3,144,10,0,0,0,0,0,0
R.Seals-Jones,TE,ARI,11,2017,0,0,0,0,0,2,54,3,0,0,0,0,0,0
S.Gostkowski,K,NE,11,2017,0,0,0,0,0,0,0,0,4,62,100.0,0,0,0
V.Bell,FS,NO,11,2017,0,0,0,0,0,0,0,0,0,0,0,10,1,0
