name,id,home,team,pos,defense_ast,defense_ffum,defense_int,defense_sk,defense_tkl,fumbles_lost,fumbles_rcv,fumbles_tot,fumbles_trcv,fumbles_yds,kicking_fga,kicking_fgm,kicking_fgyds,kicking_totpfg,kicking_xpa,kicking_xpb,kicking_xpmade,kicking_xpmissed,kicking_xptot,kickret_avg,kickret_lng,kickret_lngtd,kickret_ret,kickret_tds,passing_att,passing_cmp,passing_ints,passing_tds,passing_twopta,passing_twoptm,passing_yds,punting_avg,punting_i20,punting_lng,punting_pts,punting_yds,puntret_avg,puntret_lng,puntret_lngtd,puntret_ret,puntret_tds,receiving_lng,receiving_lngtd,receiving_rec,receiving_tds,receiving_twopta,receiving_twoptm,receiving_yds,rushing_att,rushing_lng,rushing_lngtd,rushing_tds,rushing_twopta,rushing_twoptm,rushing_yds
M.Stafford,00-0026498,yes,DET,QB,,,,,,,,,,,,,,,,,,,,,,,,,38,27,0,5,0,0,337,,,,,,,,,,,,,,,,,,2,8,0,0,0,0,13
T.Riddick,00-0030107,yes,DET,RB,,,,,,,,,,,,,,,,,,,,,,,,,,,,,,,,,,,,,,,,,,23,8,5,1,0,0,62,2,3,0,0,0,0,6
G.Winn,00-0030247,yes,DET,,,,,,,,,,,,,,,,,,,,,,,,,,,,,,,,,,,,,,,,,,,,,,,,,,3,2,0,0,0,0,1
A.Abdullah,00-0032104,yes,DET,RB,,,,,,,,,,,,,,,,,,,,25,25,0,1,0,,,,,,,,,,,,,,,,,,12,0,1,0,0,0,12,16,23,0,0,0,0,63
J.Bell,00-0027218,yes,DET,,,,,,,,,,,,,,,,,,,,,,,,,,,,,,,,,,,,,,,,,,,39,0,2,0,0,0,57,7,9,1,1,0,0,25
B.Pettigrew,00-0026996,yes,DET,TE,,,,,,,,,,,,,,,,,,,,,,,,,,,,,,,,,,,,,,,,,,21,0,1,0,0,0,21,,,,,,,
L.Moore,00-0023310,yes,DET,,,,,,,,,,,,,,,,,,,,,,,,,,,,,,,,,,,,,,0,1,0,2,0,14,0,1,0,0,0,14,,,,,,,
C.Johnson,00-0025389,yes,DET,,,,,,,,,,,,,,,,,,,,,,,,,,,,,,,,,,,,,,,,,,,25,25,8,3,0,0,93,,,,,,,
E.Ebron,00-0031387,yes,DET,TE,,,,,,,,,,,,,,,,,,,,,,,,,,,,,,,,,,,,,,,,,,19,0,2,0,0,0,28,,,,,,,
G.Tate,00-0027891,yes,DET,WR,,,,,,,,,,,,,,,,,,,,,,,,,,,,,,,,,,,,,4,9,0,2,0,19,2,7,1,0,0,50,,,,,,,
E.Ansah,00-0030059,yes,DET,DE,1,1,0,3.5,3,0,0,0,1,1,,,,,,,,,,,,,,,,,,,,,,,,,,,,,,,,,,,,,,,,,,,,,
M.Prater,00-0023853,yes,DET,K,,,,,,,,,,,1,1,48,3,6,0,6,0,6,,,,,,,,,,,,,,,,,,,,,,,,,,,,,,,,,,,,
S.Martin,00-0030092,yes,DET,P,,,,,,,,,,,,,,,,,,,,,,,,,,,,,,,,45,0,47,4,184,,,,,,,,,,,,,,,,,,,
J.Jones,00-0026194,yes,DET,DE,0,0,0,0,1,,,,,,,,,,,,,,,,,,,,,,,,,,,,,,,,,,,,,,,,,,,,,,,,,,
D.Carey,00-0027124,yes,DET,SS,0,0,0,0,1,,,,,,,,,,,,,,,,,,,,,,,,,,,,,,,,,,,,,,,,,,,,,,,,,,
T.Whitehead,00-0029212,yes,DET,OLB,2,0,0,0,4,,,,,,,,,,,,,,,,,,,,,,,,,,,,,,,,,,,,,,,,,,,,,,,,,,
H.Ngata,00-0024227,yes,DET,DT,1,0,0,0,1,,,,,,,,,,,,,,,,,,,,,,,,,,,,,,,,,,,,,,,,,,,,,,,,,,
B.Copeland,00-0030010,yes,DET,DE,0,0,0,0,3,,,,,,,,,,,,,,,,,,,,,,,,,,,,,,,,,,,,,,,,,,,,,,,,,,
C.Wilson,00-0027822,yes,DET,,1,0,0,0,1,,,,,,,,,,,,,,,,,,,,,,,,,,,,,,,,,,,,,,,,,,,,,,,,,,
J.Bynes,00-0028278,yes,DET,OLB,0,0,0,0,2,,,,,,,,,,,,,,,,,,,,,,,,,,,,,,,,,,,,,,,,,,,,,,,,,,
D.Taylor,00-0030079,yes,DET,DE,1,0,0,0.5,3,,,,,,,,,,,,,,,,,,,,,,,,,,,,,,,,,,,,,,,,,,,,,,,,,,
N.Lawson,00-0031176,yes,DET,CB,2,0,0,0,4,,,,,,,,,,,,,,,,,,,,,,,,,,,,,,,,,,,,,,,,,,,,,,,,,,
K.Van Noy,00-0031360,yes,DET,OLB,0,0,0,0,2,,,,,,,,,,,,,,,,,,,,,,,,,,,,,,,,,,,,,,,,,,,,,,,,,,
C.Butler,00-0027763,yes,DET,,0,0,0,0,1,,,,,,,,,,,,,,,,,,,,,,,,,,,,,,,,,,,,,,,,,,,,,,,,,,
D.Slay,00-0030062,yes,DET,CB,2,0,0,0,1,,,,,,,,,,,,,,,,,,,,,,,,,,,,,,,,,,,,,,,,,,,,,,,,,,
K.Thornton,00-0031172,yes,DET,DT,2,0,0,0,0,,,,,,,,,,,,,,,,,,,,,,,,,,,,,,,,,,,,,,,,,,,,,,,,,,
D.Tapp,00-0024278,yes,DET,DE,0,0,0,1,3,,,,,,,,,,,,,,,,,,,,,,,,,,,,,,,,,,,,,,,,,,,,,,,,,,
Q.Diggs,00-0031608,yes,DET,CB,1,0,0,0,1,,,,,,,,,,,,,,,,,,,,,,,,,,,,,,,,,,,,,,,,,,,,,,,,,,
I.Abdul-Quddus,00-0028564,yes,DET,DB,0,0,0,0,1,,,,,,,,,,,,,,,,,,,,,,,,,,,,,,,,,,,,,,,,,,,,,,,,,,
C.Reid,00-0031071,yes,DET,DT,1,0,0,0,1,,,,,,,,,,,,,,,,,,,,,,,,,,,,,,,,,,,,,,,,,,,,,,,,,,
J.Ihedigbo,00-0025753,yes,DET,,0,0,0,0,2,,,,,,,,,,,,,,,,,,,,,,,,,,,,,,,,,,,,,,,,,,,,,,,,,,
S.Tulloch,00-0024331,yes,DET,LB,2,0,0,1,3,,,,,,,,,,,,,,,,,,,,,,,,,,,,,,,,,,,,,,,,,,,,,,,,,,
D.Bentley,00-0029265,yes,DET,,0,0,0,0,1,,,,,,,,,,,,,,,,,,,,,,,,,,,,,,,,,,,,,,,,,,,,,,,,,,
M.Sanchez,00-0026898,no,PHI,QB,,,,,,1,0,1,0,0,,,,,,,,,,,,,,,27,19,0,2,0,0,199,,,,,,,,,,,,,,,,,,2,5,0,0,0,0,4
D.Sproles,00-0023564,no,PHI,RB,,,,,,,,,,,,,,,,,,,,,,,,,,,,,,,,,,,,,1,5,0,2,0,16,0,4,0,0,0,21,2,5,0,0,0,0,4
K.Barner,00-0030465,no,PHI,RB,,,,,,,,,,,,,,,,,,,,,,,,,,,,,,,,,,,,,,,,,,1,0,1,0,0,0,1,7,16,0,0,0,0,30
D.Murray,00-0028009,no,PHI,RB,,,,,,,,,,,,,,,,,,,,,,,,,,,,,,,,,,,,,,,,,,,,,,,,,14,19,0,0,0,0,30
B.Celek,00-0025549,no,PHI,TE,,,,,,,,,,,,,,,,,,,,,,,,,,,,,,,,,,,,,,,,,,8,2,2,1,0,0,10,,,,,,,
J.Matthews,00-0031299,no,PHI,WR,,,,,,,,,,,,,,,,,,,,,,,,,,,,,,,,,,,,,,,,,,24,24,3,1,0,0,60,,,,,,,
T.Burton,00-0030710,no,PHI,TE,,,,,,,,,,,,,,,,,,,,,,,,,,,,,,,,,,,,,,,,,,43,0,2,0,0,0,49,,,,,,,
M.Austin,00-0023921,no,PHI,,,,,,,,,,,,,,,,,,,,,,,,,,,,,,,,,,,,,,,,,,,12,0,1,0,0,0,12,,,,,,,
N.Agholor,00-0031549,no,PHI,WR,,,,,,,,,,,,,,,,,,,,,,,,,,,,,,,,,,,,,,,,,,12,0,2,0,0,0,15,,,,,,,
R.Cooper,00-0027758,no,PHI,,,,,,,,,,,,,,,,,,,,,,,,,,,,,,,,,,,,,,,,,,,8,0,2,0,0,0,16,,,,,,,
J.Huff,00-0030990,no,PHI,WR,,,,,,,,,,,,,,,,,,,,,,,,,,,,,,,,,,,,,,,,,,11,0,1,0,0,0,11,,,,,,,
S.Ajirotutu,00-0027581,no,PHI,,,,,,,,,,,,,,,,,,,,,,,,,,,,,,,,,,,,,,,,,,,4,0,1,0,0,0,4,,,,,,,
C.Sturgis,00-0030390,no,PHI,K,,,,,,,,,,,1,0,0,0,2,0,2,0,2,,,,,,,,,,,,,,,,,,,,,,,,,,,,,,,,,,,,
D.Jones,00-0022684,no,PHI,P,,,,,,,,,,,,,,,,,,,,,,,,,,,,,,,,46,2,60,6,288,,,,,,,,,,,,,,,,,,,
N.Carroll,00-0027744,no,PHI,CB,1,0,0,0,0,,,,,,,,,,,,,,,,,,,,,,,,,,,,,,,,,,,,,,,,,,,,,,,,,,
E.Biggers,00-0026945,no,PHI,,1,0,0,0,0,,,,,,,,,,,,,,,,,,,,,,,,,,,,,,,,,,,,,,,,,,,,,,,,,,
K.Alonso,00-0030401,no,PHI,LB,2,0,0,0,2,,,,,,,,,,,,,,,,,,,,,,,,,,,,,,,,,,,,,,,,,,,,,,,,,,
B.Maxwell,00-0028111,no,PHI,DB,0,0,0,0,6,,,,,,,,,,,,,,,,,,,,,,,,,,,,,,,,,,,,,,,,,,,,,,,,,,
C.Thornton,00-0028424,no,PHI,DT,1,0,0,0,1,,,,,,,,,,,,,,,,,,,,,,,,,,,,,,,,,,,,,,,,,,,,,,,,,,
E.Reynolds,00-0031312,no,PHI,,0,0,0,0,1,,,,,,,,,,,,,,,,,,,,,,,,,,,,,,,,,,,,,,,,,,,,,,,,,,
V.Curry,00-0029412,no,PHI,DE,0,0,0,2,2,,,,,,,,,,,,,,,,,,,,,,,,,,,,,,,,,,,,,,,,,,,,,,,,,,
F.Cox,00-0029653,no,PHI,DE,0,0,0,0,1,,,,,,,,,,,,,,,,,,,,,,,,,,,,,,,,,,,,,,,,,,,,,,,,,,
B.Allen,00-0031089,no,PHI,NT,0,0,0,0,1,,,,,,,,,,,,,,,,,,,,,,,,,,,,,,,,,,,,,,,,,,,,,,,,,,
D.Ryans,00-0024248,no,PHI,,2,0,0,0,2,,,,,,,,,,,,,,,,,,,,,,,,,,,,,,,,,,,,,,,,,,,,,,,,,,
C.Barwin,00-0027022,no,PHI,OLB,1,0,0,0,4,,,,,,,,,,,,,,,,,,,,,,,,,,,,,,,,,,,,,,,,,,,,,,,,,,
M.Jenkins,00-0026990,no,PHI,FS,1,0,0,0,4,,,,,,,,,,,,,,,,,,,,,,,,,,,,,,,,,,,,,,,,,,,,,,,,,,
B.Graham,00-0027865,no,PHI,OLB,0,0,0,0,3,,,,,,,,,,,,,,,,,,,,,,,,,,,,,,,,,,,,,,,,,,,,,,,,,,
W.Thurmond,00-0027711,no,PHI,,3,0,0,0,6,,,,,,,,,,,,,,,,,,,,,,,,,,,,,,,,,,,,,,,,,,,,,,,,,,
T.Hart,00-0031179,no,PHI,DE,0,0,0,0,1,,,,,,,,,,,,,,,,,,,,,,,,,,,,,,,,,,,,,,,,,,,,,,,,,,
B.Logan,00-0030507,no,PHI,NT,0,0,0,0,5,,,,,,,,,,,,,,,,,,,,,,,,,,,,,,,,,,,,,,,,,,,,,,,,,,
M.Kendricks,00-0029409,no,PHI,ILB,2,0,0,0,5,,,,,,,,,,,,,,,,,,,,,,,,,,,,,,,,,,,,,,,,,,,,,,,,,,
E.Rowe,00-0031555,no,PHI,CB,1,0,0,0,1,,,,,,,,,,,,,,,,,,,,,,,,,,,,,,,,,,,,,,,,,,,,,,,,,,
M.Cassel,00-0023662,yes,DAL,QB,,,,,,,,,,,,,,,,,,,,,,,,,19,13,0,1,1,1,93,,,,,,,,,,,,,,,,,,2,5,0,0,0,0,9
T.Romo,00-0021678,yes,DAL,QB,,,,,,,,,,,,,,,,,,,,,,,,,21,11,3,0,0,0,106,,,,,,,,,,,,,,,,,,,,,,,,
D.McFadden,00-0026144,yes,DAL,,,,,,,,,,,,,,,,,,,,,,,,,,,,,,,,,,,,,,,,,,,21,0,4,0,1,1,45,10,8,0,0,0,0,11
R.Turbin,00-0029273,yes,DAL,RB,,,,,,,,,,,,,,,,,,,,,,,,,,,,,,,,,,,,,,,,,,1,0,1,0,0,0,1,2,8,0,0,0,0,11
C.Beasley,00-0029000,yes,DAL,WR,,,,,,,,,,,,,,,,,,,,,,,,,,,,,,,,,,,,,,,,,,17,2,6,1,0,0,44,,,,,,,
G.Escobar,00-0030544,yes,DAL,TE,,,,,,,,,,,,,,,,,,,,,,,,,,,,,,,,,,,,,,,,,,-2,0,1,0,0,0,-2,,,,,,,
T.Williams,00-0030542,yes,DAL,WR,,,,,,,,,,,,,,,,,,,,,,,,,,,,,,,,,,,,,,,,,,13,0,4,0,0,0,39,,,,,,,
D.Bryant,00-0027902,yes,DAL,WR,,,,,,,,,,,,,,,,,,,,,,,,,,,,,,,,,,,,,,,,,,20,0,2,0,0,0,26,,,,,,,
L.Whitehead,00-0031757,yes,DAL,WR,,,,,,,,,,,,,,,,,,,,,,,,,,,,,,,,,,,,,8,8,0,1,0,4,0,1,0,0,0,4,,,,,,,
R.Smith,00-0031900,yes,DAL,RB,,,,,,,,,,,,,,,,,,,,,,,,,,,,,,,,,,,,,,,,,,6,0,1,0,0,0,6,,,,,,,
J.Witten,00-0022127,yes,DAL,TE,,,,,,,,,,,,,,,,,,,,,,,,,,,,,,,,,,,,,,,,,,14,0,4,0,0,0,36,,,,,,,
D.Bailey,00-0028660,yes,DAL,K,,,,,,,,,,,2,2,48,6,0,0,0,0,0,,,,,,,,,,,,,,,,,,,,,,,,,,,,,,,,,,,,
C.Jones,00-0028664,yes,DAL,P,,,,,,,,,,,,,,,,,,,,,,,,,,,,,,,,47,0,50,3,141,,,,,,,,,,,,,,,,,,,
T.Crawford,00-0029641,yes,DAL,DT,1,0,0,1,4,,,,,,,,,,,,,,,,,,,,,,,,,,,,,,,,,,,,,,,,,,,,,,,,,,
J.Mincey,00-0024405,yes,DAL,,1,0,0,0,2,,,,,,,,,,,,,,,,,,,,,,,,,,,,,,,,,,,,,,,,,,,,,,,,,,
J.Heath,00-0030196,yes,DAL,SS,0,0,0,0,3,,,,,,,,,,,,,,,,,,,,,,,,,,,,,,,,,,,,,,,,,,,,,,,,,,
D.Lawrence,00-0031411,yes,DAL,DE,2,0,0,0,0,,,,,,,,,,,,,,,,,,,,,,,,,,,,,,,,,,,,,,,,,,,,,,,,,,
B.Carr,00-0026280,yes,DAL,CB,2,0,0,0,3,,,,,,,,,,,,,,,,,,,,,,,,,,,,,,,,,,,,,,,,,,,,,,,,,,
T.Patmon,00-0031276,yes,DAL,,0,0,0,0,2,,,,,,,,,,,,,,,,,,,,,,,,,,,,,,,,,,,,,,,,,,,,,,,,,,
N.Hayden,00-0026321,yes,DAL,,2,0,0,0,3,,,,,,,,,,,,,,,,,,,,,,,,,,,,,,,,,,,,,,,,,,,,,,,,,,
K.Wilber,00-0029647,yes,DAL,OLB,2,0,0,0,1,,,,,,,,,,,,,,,,,,,,,,,,,,,,,,,,,,,,,,,,,,,,,,,,,,
J.Crawford,00-0029627,yes,DAL,DE,0,0,0,0,1,,,,,,,,,,,,,,,,,,,,,,,,,,,,,,,,,,,,,,,,,,,,,,,,,,
J.Wilcox,00-0030543,yes,DAL,FS,1,0,0,0,4,,,,,,,,,,,,,,,,,,,,,,,,,,,,,,,,,,,,,,,,,,,,,,,,,,
S.Lee,00-0027663,yes,DAL,OLB,6,0,0,0,5,,,,,,,,,,,,,,,,,,,,,,,,,,,,,,,,,,,,,,,,,,,,,,,,,,
B.Church,00-0027416,yes,DAL,SS,2,0,0,0,2,,,,,,,,,,,,,,,,,,,,,,,,,,,,,,,,,,,,,,,,,,,,,,,,,,
B.Jones,00-0032239,yes,DAL,FS,0,0,0,0,2,,,,,,,,,,,,,,,,,,,,,,,,,,,,,,,,,,,,,,,,,,,,,,,,,,
D.Irving,00-0031997,yes,DAL,DT,1,0,0,0,0,,,,,,,,,,,,,,,,,,,,,,,,,,,,,,,,,,,,,,,,,,,,,,,,,,
R.Gregory,00-0032197,yes,DAL,DE,1,0,0,0,2,,,,,,,,,,,,,,,,,,,,,,,,,,,,,,,,,,,,,,,,,,,,,,,,,,
R.McClain,00-0027904,yes,DAL,,5,0,0,0,7,,,,,,,,,,,,,,,,,,,,,,,,,,,,,,,,,,,,,,,,,,,,,,,,,,
C.Newton,00-0027939,no,CAR,QB,,,,,,0,1,1,1,-2,,,,,,,,,,,,,,,27,16,0,0,0,0,183,,,,,,,,,,,,,,,,,,12,11,4,1,0,0,45
J.Stewart,00-0026153,no,CAR,RB,,,,,,,,,,,,,,,,,,,,,,,,,,,,,,,,,,,,,,,,,,7,0,3,0,0,0,9,21,8,0,0,0,0,68
M.Tolbert,00-0026069,no,CAR,FB,,,,,,,,,,,,,,,,,,,,,,,,,,,,,,,,,,,,,,,,,,,,,,,,,4,5,0,0,0,0,16
B.Bersin,00-0029394,no,CAR,WR,,,,,,,,,,,,,,,,,,,,,,,,,,,,,,,,,,,,,,,,,,12,0,1,0,0,0,12,,,,,,,
G.Olsen,00-0025418,no,CAR,TE,,,,,,,,,,,,,,,,,,,,,,,,,,,,,,,,,,,,,,,,,,31,0,5,0,0,0,70,,,,,,,
D.Funchess,00-0032055,no,CAR,WR,,,,,,,,,,,,,,,,,,,,,,,,,,,,,,,,,,,,,,,,,,15,0,2,0,0,0,19,,,,,,,
J.Cotchery,00-0022811,no,CAR,,,,,,,,,,,,,,,,,,,,,,,,,,,,,,,,,,,,,,,,,,,24,0,5,0,0,0,73,,,,,,,
G.Gano,00-0026858,no,CAR,K,,,,,,,,,,,4,4,50,12,3,0,3,0,3,,,,,,,,,,,,,,,,,,,,,,,,,,,,,,,,,,,,
B.Nortman,00-0029304,no,CAR,P,,,,,,,,,,,,,,,,,,,,,,,,,,,,,,,,36,1,58,2,80,,,,,,,,,,,,,,,,,,,
T.Davis,00-0023448,no,CAR,OLB,1,0,0,1,4,,,,,,,,,,,,,,,3,3,0,1,0,,,,,,,,,,,,,,,,,,,,,,,,,,,,,,,
D.Marlowe,00-0031870,no,CAR,FS,,,,,,,,,,,,,,,,,,,,,,,,,,,,,,,,,,,,,0,0,0,1,0,,,,,,,,,,,,,,
K.Love,00-0027236,no,CAR,,0,0,0,0,1,,,,,,,,,,,,,,,,,,,,,,,,,,,,,,,,,,,,,,,,,,,,,,,,,,
T.Boston,00-0031261,no,CAR,FS,0,0,0,0,1,,,,,,,,,,,,,,,,,,,,,,,,,,,,,,,,,,,,,,,,,,,,,,,,,,
C.Johnson,00-0025470,no,CAR,DE,0,0,0,0,1,,,,,,,,,,,,,,,,,,,,,,,,,,,,,,,,,,,,,,,,,,,,,,,,,,
B.Benwikere,00-0031262,no,CAR,CB,0,0,0,0,3,,,,,,,,,,,,,,,,,,,,,,,,,,,,,,,,,,,,,,,,,,,,,,,,,,
L.Kuechly,00-0029248,no,CAR,MLB,5,0,2,0,2,,,,,,,,,,,,,,,,,,,,,,,,,,,,,,,,,,,,,,,,,,,,,,,,,,
C.Jones,00-0028128,no,CAR,DB,1,0,0,0,5,,,,,,,,,,,,,,,,,,,,,,,,,,,,,,,,,,,,,,,,,,,,,,,,,,
J.Allen,00-0022740,no,CAR,,1,0,0,0,1,,,,,,,,,,,,,,,,,,,,,,,,,,,,,,,,,,,,,,,,,,,,,,,,,,
A.Klein,00-0030463,no,CAR,MLB,2,0,0,0,3,,,,,,,,,,,,,,,,,,,,,,,,,,,,,,,,,,,,,,,,,,,,,,,,,,
R.Harper,00-0024258,no,CAR,DB,2,0,0,0,1,,,,,,,,,,,,,,,,,,,,,,,,,,,,,,,,,,,,,,,,,,,,,,,,,,
K.Short,00-0030448,no,CAR,DT,1,0,0,0,2,,,,,,,,,,,,,,,,,,,,,,,,,,,,,,,,,,,,,,,,,,,,,,,,,,
M.Addison,00-0028339,no,CAR,DE,0,0,0,0,1,,,,,,,,,,,,,,,,,,,,,,,,,,,,,,,,,,,,,,,,,,,,,,,,,,
K.Ealy,00-0031336,no,CAR,DE,0,0,0,1,1,,,,,,,,,,,,,,,,,,,,,,,,,,,,,,,,,,,,,,,,,,,,,,,,,,
S.Thompson,00-0031550,no,CAR,OLB,0,0,0,0,2,,,,,,,,,,,,,,,,,,,,,,,,,,,,,,,,,,,,,,,,,,,,,,,,,,
D.Edwards,00-0022750,no,CAR,,0,0,0,0,1,,,,,,,,,,,,,,,,,,,,,,,,,,,,,,,,,,,,,,,,,,,,,,,,,,
K.Coleman,00-0027835,no,CAR,FS,1,0,1,0,2,,,,,,,,,,,,,,,,,,,,,,,,,,,,,,,,,,,,,,,,,,,,,,,,,,
J.Norman,00-0029285,no,CAR,DB,0,0,0,0,2,,,,,,,,,,,,,,,,,,,,,,,,,,,,,,,,,,,,,,,,,,,,,,,,,,
A.Rodgers,00-0023459,yes,GB,QB,,,,,,0,1,0,1,0,,,,,,,,,,,,,,,43,22,1,1,0,0,202,,,,,,,,,,,,,,,,,,4,18,0,0,0,0,33
J.Starks,00-0027791,yes,GB,RB,,,,,,,,,,,,,,,,,,,,,,,,,,,,,,,,,,,,,,,,,,18,0,4,0,0,0,41,7,10,0,0,0,0,39
E.Lacy,00-0030485,yes,GB,RB,,,,,,1,0,1,0,0,,,,,,,,,,,,,,,,,,,,,,,,,,,,,,,,25,25,4,1,0,0,34,17,29,0,0,0,0,105
R.Rodgers,00-0031384,yes,GB,TE,,,,,,,,,,,,,,,,,,,,,,,,,,,,,,,,,,,,,,,,,,13,0,4,0,0,0,30,,,,,,,
J.Perillo,00-0030758,yes,GB,TE,,,,,,,,,,,,,,,,,,,,,,,,,,,,,,,,,,,,,,,,,,5,0,2,0,0,0,9,,,,,,,
D.Adams,00-0031381,yes,GB,WR,,,,,,,,,,,,,,,,,,,,,,,,,,,,,,,,,,,,,,,,,,8,0,2,0,0,0,14,,,,,,,
R.Cobb,00-0028002,yes,GB,WR,,,,,,0,1,1,1,0,,,,,,,,,,,,,,,,,,,,,,,,,,,0,1,0,2,0,32,0,6,0,0,0,74,,,,,,,
J.Tretter,00-0030076,yes,GB,C,,,,,,0,0,1,0,-14,,,,,,,,,,,,,,,,,,,,,,,,,,,,,,,,,,,,,,,,,,,,,
M.Crosby,00-0025580,yes,GB,K,,,,,,,,,,,2,2,50,6,1,0,1,0,1,,,,,,,,,,,,,,,,,,,,,,,,,,,,,,,,,,,,
T.Masthay,00-0026664,yes,GB,,,,,,,,,,,,,,,,,,,,,,,,,,,,,,,,,34,2,45,5,178,,,,,,,,,,,,,,,,,,,
J.Kuhn,00-0022999,yes,GB,RB,,,,,,,,,,,,,,,,,,,,0,0,0,1,0,,,,,,,,,,,,,,,,,,,,,,,,,,,,,,,
J.Janis,00-0031001,yes,GB,WR,,,,,,,,,,,,,,,,,,,,41,64,0,2,0,,,,,,,,,,,,,,,,,,,,,,,,,,,,,,,
M.Pennel,00-0030757,yes,GB,DE,1,0,0,0,1,,,,,,,,,,,,,,,,,,,,,,,,,,,,,,,,,,,,,,,,,,,,,,,,,,
J.Thomas,00-0030761,yes,GB,LB,0,0,0,0,2,,,,,,,,,,,,,,,,,,,,,,,,,,,,,,,,,,,,,,,,,,,,,,,,,,
J.Elliott,00-0030752,yes,GB,LB,1,0,0,0,1,,,,,,,,,,,,,,,,,,,,,,,,,,,,,,,,,,,,,,,,,,,,,,,,,,
C.Matthews,00-0027002,yes,GB,ILB,2,0,0,0,4,,,,,,,,,,,,,,,,,,,,,,,,,,,,,,,,,,,,,,,,,,,,,,,,,,
N.Perry,00-0029408,yes,GB,OLB,3,0,0,0,0,,,,,,,,,,,,,,,,,,,,,,,,,,,,,,,,,,,,,,,,,,,,,,,,,,
M.Neal,00-0027664,yes,GB,,0,0,0,0,2,,,,,,,,,,,,,,,,,,,,,,,,,,,,,,,,,,,,,,,,,,,,,,,,,,
B.Raji,00-0026985,yes,GB,,0,0,0,0,1,,,,,,,,,,,,,,,,,,,,,,,,,,,,,,,,,,,,,,,,,,,,,,,,,,
C.Hayward,00-0029261,yes,GB,DB,0,0,0,0,3,,,,,,,,,,,,,,,,,,,,,,,,,,,,,,,,,,,,,,,,,,,,,,,,,,
S.Shields,00-0027440,yes,GB,CB,0,0,0,0,2,,,,,,,,,,,,,,,,,,,,,,,,,,,,,,,,,,,,,,,,,,,,,,,,,,
M.Burnett,00-0027676,yes,GB,SS,1,0,0,0,6,,,,,,,,,,,,,,,,,,,,,,,,,,,,,,,,,,,,,,,,,,,,,,,,,,
D.Randall,00-0032251,yes,GB,CB,0,0,0,0,2,,,,,,,,,,,,,,,,,,,,,,,,,,,,,,,,,,,,,,,,,,,,,,,,,,
M.Daniels,00-0029284,yes,GB,DE,1,0,0,0,2,,,,,,,,,,,,,,,,,,,,,,,,,,,,,,,,,,,,,,,,,,,,,,,,,,
L.Guion,00-0026292,yes,GB,DE,2,0,0,0,0,,,,,,,,,,,,,,,,,,,,,,,,,,,,,,,,,,,,,,,,,,,,,,,,,,
D.Jones,00-0030576,yes,GB,DE,2,0,0,0,1,,,,,,,,,,,,,,,,,,,,,,,,,,,,,,,,,,,,,,,,,,,,,,,,,,
N.Palmer,00-0030104,yes,GB,LB,3,0,0,0,4,,,,,,,,,,,,,,,,,,,,,,,,,,,,,,,,,,,,,,,,,,,,,,,,,,
H.Clinton-Dix,00-0031333,yes,GB,FS,3,0,0,0,5,,,,,,,,,,,,,,,,,,,,,,,,,,,,,,,,,,,,,,,,,,,,,,,,,,
J.Peppers,00-0021140,yes,GB,OLB,0,0,0,0,1,,,,,,,,,,,,,,,,,,,,,,,,,,,,,,,,,,,,,,,,,,,,,,,,,,
Q.Rollins,00-0031937,yes,GB,CB,0,0,0,1,3,,,,,,,,,,,,,,,,,,,,,,,,,,,,,,,,,,,,,,,,,,,,,,,,,,
J.Cutler,00-0024226,no,CHI,QB,,,,,,0,1,1,1,-8,,,,,,,,,,,,,,,31,19,0,1,0,0,200,,,,,,,,,,,,,,,,,,4,6,0,0,0,0,9
J.Langford,00-0031569,no,CHI,RB,,,,,,,,,,,,,,,,,,,,,,,,,,,,,,,,,,,,,,,,,,5,0,1,0,0,0,5,12,14,1,1,0,0,48
M.Forte,00-0026184,no,CHI,RB,,,,,,,,,,,,,,,,,,,,,,,,,,,,,,,,,,,,,,,,,,9,0,1,0,0,0,9,15,7,0,0,0,0,44
M.Mariani,00-0027816,no,CHI,WR,,,,,,,,,,,,,,,,,,,,,,,,,,,,,,,,,,,,,3,7,0,2,0,21,0,3,0,0,0,35,,,,,,,
A.Jeffery,00-0029137,no,CHI,WR,,,,,,,,,,,,,,,,,,,,,,,,,,,,,,,,,,,,,,,,,,22,0,7,0,0,0,90,,,,,,,
Z.Miller,00-0027125,no,CHI,TE,,,,,,,,,,,,,,,,,,,,,,,,,,,,,,,,,,,,,,,,,,7,3,2,1,0,0,10,,,,,,,
M.Wilson,00-0030047,no,CHI,WR,,,,,,,,,,,,,,,,,,,,,,,,,,,,,,,,,,,,,,,,,,19,0,4,0,0,0,44,,,,,,,
K.Lee,00-0031922,no,CHI,TE,,,,,,,,,,,,,,,,,,,,,,,,,,,,,,,,,,,,,,,,,,7,0,1,0,0,0,7,,,,,,,
L.Houston,00-0027657,no,CHI,OLB,1,0,0,1,6,0,0,0,1,0,,,,,,,,,,,,,,,,,,,,,,,,,,,,,,,,,,,,,,,,,,,,,
R.Gould,00-0023252,no,CHI,,,,,,,,,,,,1,1,21,3,2,0,2,0,2,,,,,,,,,,,,,,,,,,,,,,,,,,,,,,,,,,,,
P.O'Donnell,00-0031079,no,CHI,P,,,,,,,,,,,,,,,,,,,,,,,,,,,,,,,,38,4,46,8,323,,,,,,,,,,,,,,,,,,,
D.Thompson,00-0029388,no,CHI,WR,,,,,,,,,,,,,,,,,,,,37,37,0,1,0,,,,,,,,,,,,,,,,,,,,,,,,,,,,,,,
T.Porter,00-0026180,no,CHI,CB,0,0,1,0,1,,,,,,,,,,,,,,,,,,,,,,,,,,,,,,,,,,,,,,,,,,,,,,,,,,
S.Acho,00-0028041,no,CHI,OLB,1,0,0,0,0,,,,,,,,,,,,,,,,,,,,,,,,,,,,,,,,,,,,,,,,,,,,,,,,,,
P.McPhee,00-0028103,no,CHI,OLB,2,0,0,0,4,,,,,,,,,,,,,,,,,,,,,,,,,,,,,,,,,,,,,,,,,,,,,,,,,,
B.Gaston,00-0030892,no,CHI,,0,0,0,0,1,,,,,,,,,,,,,,,,,,,,,,,,,,,,,,,,,,,,,,,,,,,,,,,,,,
W.Young,00-0027808,no,CHI,OLB,1,0,0,1,2,,,,,,,,,,,,,,,,,,,,,,,,,,,,,,,,,,,,,,,,,,,,,,,,,,
A.Amos,00-0031584,no,CHI,FS,1,0,0,0,8,,,,,,,,,,,,,,,,,,,,,,,,,,,,,,,,,,,,,,,,,,,,,,,,,,
K.Fuller,00-0031041,no,CHI,CB,1,0,0,0,2,,,,,,,,,,,,,,,,,,,,,,,,,,,,,,,,,,,,,,,,,,,,,,,,,,
C.Jones,00-0031130,no,CHI,ILB,0,0,0,0,5,,,,,,,,,,,,,,,,,,,,,,,,,,,,,,,,,,,,,,,,,,,,,,,,,,
J.Jenkins,00-0027979,no,CHI,DT,1,0,0,0,1,,,,,,,,,,,,,,,,,,,,,,,,,,,,,,,,,,,,,,,,,,,,,,,,,,
B.Callahan,00-0031904,no,CHI,CB,0,0,0,0,3,,,,,,,,,,,,,,,,,,,,,,,,,,,,,,,,,,,,,,,,,,,,,,,,,,
E.Goldman,00-0031551,no,CHI,NT,0,0,0,0,1,,,,,,,,,,,,,,,,,,,,,,,,,,,,,,,,,,,,,,,,,,,,,,,,,,
M.Unrein,00-0027573,no,CHI,DE,1,0,0,0,0,,,,,,,,,,,,,,,,,,,,,,,,,,,,,,,,,,,,,,,,,,,,,,,,,,
S.McClellin,00-0029250,no,CHI,LB,5,0,0,0,5,,,,,,,,,,,,,,,,,,,,,,,,,,,,,,,,,,,,,,,,,,,,,,,,,,
J.Anderson,00-0031902,no,CHI,OLB,1,0,0,0,2,,,,,,,,,,,,,,,,,,,,,,,,,,,,,,,,,,,,,,,,,,,,,,,,,,
C.Prosinski,00-0028059,no,CHI,SS,0,1,0,0,6,,,,,,,,,,,,,,,,,,,,,,,,,,,,,,,,,,,,,,,,,,,,,,,,,,
K.Cousins,00-0029604,yes,WAS,QB,,,,,,0,1,1,1,-2,,,,,,,,,,,,,,,29,20,0,1,0,0,302,,,,,,,,,,,,,,,,,,4,1,1,1,0,0,1
M.Jones,00-0031939,yes,WAS,RB,,,,,,,,,,,,,,,,,,,,,,,,,,,,,,,,,,,,,,,,,,45,0,1,0,0,0,45,8,12,0,0,0,0,19
A.Morris,00-0029141,yes,WAS,RB,,,,,,,,,,,,,,,,,,,,,,,,,,,,,,,,,,,,,,,,,,12,0,1,0,0,0,12,23,9,0,0,0,0,78
C.Thompson,00-0030404,yes,WAS,RB,,,,,,,,,,,,,,,,,,,,9,9,0,1,0,,,,,,,,,,,,,,,,,,9,0,1,0,0,0,9,2,8,0,0,0,0,7
P.Garcon,00-0026345,yes,WAS,WR,,,,,,,,,,,,,,,,,,,,,,,,,,,,,,,,,,,,,,,,,,16,0,3,0,0,0,35,,,,,,,
D.Jackson,00-0026189,yes,WAS,WR,,,,,,,,,,,,,,,,,,,,,,,,,,,,,,,,,,,,,2,2,0,1,0,63,63,2,1,0,0,66,,,,,,,
R.Grant,00-0031068,yes,WAS,WR,,,,,,,,,,,,,,,,,,,,,,,,,,,,,,,,,,,,,,,,,,19,0,1,0,0,0,19,,,,,,,
J.Reed,00-0030472,yes,WAS,TE,,,,,,,,,,,,,,,,,,,,,,,,,,,,,,,,,,,,,,,,,,26,0,8,0,0,0,98,,,,,,,
J.Crowder,00-0031941,yes,WAS,WR,,,,,,,,,,,,,,,,,,,,,,,,,,,,,,,,,,,,,12,16,0,2,0,9,0,2,0,0,0,12,,,,,,,
D.Carrier,00-0029119,yes,WAS,TE,,,,,,,,,,,,,,,,,,,,,,,,,,,,,,,,,,,,,,,,,,6,0,1,0,0,0,6,,,,,,,
D.Hopkins,00-0030098,yes,WAS,K,,,,,,,,,,,2,2,41,6,2,0,2,0,2,,,,,,,,,,,,,,,,,,,,,,,,,,,,,,,,,,,,
T.Way,00-0030140,yes,WAS,P,,,,,,,,,,,,,,,,,,,,,,,,,,,,,,,,42,3,60,6,268,,,,,,,,,,,,,,,,,,,
R.Ross,00-0030187,yes,WAS,WR,,,,,,,,,,,,,,,,,,,,25,25,0,1,0,,,,,,,,,,,,,,,,,,,,,,,,,,,,,,,
A.Roberts,00-0027691,yes,WAS,WR,,,,,,,,,,,,,,,,,,,,24,24,0,1,0,,,,,,,,,,,,,,,,,,,,,,,,,,,,,,,
T.Knighton,00-0027046,yes,WAS,,2,0,0,0,1,,,,,,,,,,,,,,,,,,,,,,,,,,,,,,,,,,,,,,,,,,,,,,,,,,
W.Compton,00-0029869,yes,WAS,ILB,4,0,0,0,4,,,,,,,,,,,,,,,,,,,,,,,,,,,,,,,,,,,,,,,,,,,,,,,,,,
P.Riley,00-0027704,yes,WAS,,3,0,1,0,3,,,,,,,,,,,,,,,,,,,,,,,,,,,,,,,,,,,,,,,,,,,,,,,,,,
J.Hatcher,00-0024307,yes,WAS,,0,0,0,0,1,,,,,,,,,,,,,,,,,,,,,,,,,,,,,,,,,,,,,,,,,,,,,,,,,,
K.Jarrett,00-0031952,yes,WAS,,1,0,0,0,1,,,,,,,,,,,,,,,,,,,,,,,,,,,,,,,,,,,,,,,,,,,,,,,,,,
Q.Dunbar,00-0032007,yes,WAS,CB,0,0,1,0,2,,,,,,,,,,,,,,,,,,,,,,,,,,,,,,,,,,,,,,,,,,,,,,,,,,
B.Breeland,00-0031052,yes,WAS,CB,1,0,0,0,4,,,,,,,,,,,,,,,,,,,,,,,,,,,,,,,,,,,,,,,,,,,,,,,,,,
D.Goldson,00-0025513,yes,WAS,DB,4,0,0,0,3,,,,,,,,,,,,,,,,,,,,,,,,,,,,,,,,,,,,,,,,,,,,,,,,,,
S.Paea,00-0027991,yes,WAS,DT,0,0,0,0,1,,,,,,,,,,,,,,,,,,,,,,,,,,,,,,,,,,,,,,,,,,,,,,,,,,
R.Kerrigan,00-0027954,yes,WAS,OLB,0,0,0,2,3,,,,,,,,,,,,,,,,,,,,,,,,,,,,,,,,,,,,,,,,,,,,,,,,,,
C.Baker,00-0026512,yes,WAS,DE,0,0,0,1,1,,,,,,,,,,,,,,,,,,,,,,,,,,,,,,,,,,,,,,,,,,,,,,,,,,
D.Hall,00-0022923,yes,WAS,SS,0,0,0,0,4,,,,,,,,,,,,,,,,,,,,,,,,,,,,,,,,,,,,,,,,,,,,,,,,,,
P.Smith,00-0031935,yes,WAS,LB,2,0,0,0,1,,,,,,,,,,,,,,,,,,,,,,,,,,,,,,,,,,,,,,,,,,,,,,,,,,
W.Blackmon,00-0024330,yes,WAS,CB,2,0,1,0,1,,,,,,,,,,,,,,,,,,,,,,,,,,,,,,,,,,,,,,,,,,,,,,,,,,
R.Jean Francois,00-0026502,yes,WAS,DE,2,0,0,0,0,,,,,,,,,,,,,,,,,,,,,,,,,,,,,,,,,,,,,,,,,,,,,,,,,,
E.Manning,00-0022803,no,NYG,QB,,,,,,0,1,2,1,0,,,,,,,,,,,,,,,51,26,3,2,0,0,321,,,,,,,,,,,,,,,,,,,,,,,,
S.Vereen,00-0027994,no,NYG,RB,,,,,,,,,,,,,,,,,,,,,,,,,,,,,,,,,,,,,,,,,,9,0,4,0,0,0,21,2,8,0,0,0,0,15
D.Harris,00-0028114,no,NYG,WR,,,,,,0,1,1,1,0,,,,,,,,,,19,19,0,1,0,,,,,,,,,,,,,3,6,0,4,0,15,0,2,0,0,0,28,1,1,0,0,0,0,1
O.Darkwa,00-0030860,no,NYG,RB,,,,,,,,,,,,,,,,,,,,,,,,,,,,,,,,,,,,,,,,,,,,,,,,,2,1,0,0,0,0,2
R.Jennings,00-0027155,no,NYG,RB,,,,,,,,,,,,,,,,,,,,,,,,,,,,,,,,,,,,,,,,,,9,0,2,0,0,0,14,6,5,0,0,0,0,14
A.Williams,00-0031055,no,NYG,RB,,,,,,,,,,,,,,,,,,,,,,,,,,,,,,,,,,,,,,,,,,,,,,,,,2,2,0,0,0,0,1
J.Cunningham,00-0031462,no,NYG,,,,,,,,,,,,,,,,,,,,,,,,,,,,,,,,,,,,,,,,,,,2,0,1,0,0,0,2,,,,,,,
O.Beckham Jr.,00-0031235,no,NYG,WR,,,,,,,,,,,,,,,,,,,,,,,,,,,,,,,,,,,,,,,,,,31,21,9,1,0,0,141,,,,,,,
W.Tye,00-0032004,no,NYG,TE,,,,,,,,,,,,,,,,,,,,,,,,,,,,,,,,,,,,,,,,,,28,0,6,0,0,0,74,,,,,,,
H.Nicks,00-0027005,no,NYG,,,,,,,,,,,,,,,,,,,,,,,,,,,,,,,,,,,,,,,,,,,4,0,1,0,0,0,4,,,,,,,
R.Randle,00-0029262,no,NYG,,,,,,,,,,,,,,,,,,,,,,,,,,,,,,,,,,,,,,,,,,,40,40,1,1,0,0,37,,,,,,,
J.Brown,00-0021940,no,NYG,K,,,,,,,,,,,0,0,0,0,2,0,2,0,2,,,,,,,,,,,,,,,,,,,,,,,,,,,,,,,,,,,,
B.Wing,00-0030142,no,NYG,P,,,,,,,,,,,,,,,,,,,,,,,,,,,,,,,,41,3,61,7,353,,,,,,,,,,,,,,,,,,,
T.Wade,00-0029314,no,NYG,DB,1,0,0,0,3,,,,,,,,,,,,,,,,,,,,,,,,,,,,,,,,,,,,,,,,,,,,,,,,,,
D.Kennard,00-0031241,no,NYG,OLB,5,0,0,0,5,,,,,,,,,,,,,,,,,,,,,,,,,,,,,,,,,,,,,,,,,,,,,,,,,,
R.Ayers Jr.,00-0026994,no,NYG,DE,1,0,0,0,2,,,,,,,,,,,,,,,,,,,,,,,,,,,,,,,,,,,,,,,,,,,,,,,,,,
C.Dahl,00-0024796,no,NYG,,2,0,0,0,5,,,,,,,,,,,,,,,,,,,,,,,,,,,,,,,,,,,,,,,,,,,,,,,,,,
M.Kuhn,00-0029312,no,NYG,,3,0,0,0,0,,,,,,,,,,,,,,,,,,,,,,,,,,,,,,,,,,,,,,,,,,,,,,,,,,
L.Collins,00-0032262,no,NYG,FS,1,0,0,0,7,,,,,,,,,,,,,,,,,,,,,,,,,,,,,,,,,,,,,,,,,,,,,,,,,,
J.Brinkley,00-0027108,no,NYG,,2,0,0,0,4,,,,,,,,,,,,,,,,,,,,,,,,,,,,,,,,,,,,,,,,,,,,,,,,,,
M.Hughes,00-0030082,no,NYG,,0,0,0,0,2,,,,,,,,,,,,,,,,,,,,,,,,,,,,,,,,,,,,,,,,,,,,,,,,,,
J.Casillas,00-0026832,no,NYG,OLB,2,0,0,0,3,,,,,,,,,,,,,,,,,,,,,,,,,,,,,,,,,,,,,,,,,,,,,,,,,,
C.Jenkins,00-0021706,no,NYG,,2,0,0,0,1,,,,,,,,,,,,,,,,,,,,,,,,,,,,,,,,,,,,,,,,,,,,,,,,,,
B.Meriweather,00-0025411,no,NYG,,2,0,0,0,3,,,,,,,,,,,,,,,,,,,,,,,,,,,,,,,,,,,,,,,,,,,,,,,,,,
P.Amukamara,00-0027957,no,NYG,DB,1,0,0,0,3,,,,,,,,,,,,,,,,,,,,,,,,,,,,,,,,,,,,,,,,,,,,,,,,,,
J.Hosley,00-0029267,no,NYG,,1,0,0,0,1,,,,,,,,,,,,,,,,,,,,,,,,,,,,,,,,,,,,,,,,,,,,,,,,,,
J.Pierre-Paul,00-0027867,no,NYG,DE,2,0,0,0,2,,,,,,,,,,,,,,,,,,,,,,,,,,,,,,,,,,,,,,,,,,,,,,,,,,
K.Wynn,00-0030776,no,NYG,DE,4,0,0,0,2,,,,,,,,,,,,,,,,,,,,,,,,,,,,,,,,,,,,,,,,,,,,,,,,,,
D.Rodgers-Cromarti,00-0026156,no,NYG,CB,0,0,0,0,1,,,,,,,,,,,,,,,,,,,,,,,,,,,,,,,,,,,,,,,,,,,,,,,,,,
M.Ryan,00-0026143,yes,ATL,QB,,,,,,0,0,1,0,0,,,,,,,,,,,,,,,31,22,2,1,0,0,230,,,,,,,,,,,,,,,,,,1,-1,0,0,0,0,-1
T.Ward,00-0031682,yes,ATL,RB,,,,,,,,,,,,,,,,,,,,,,,,,,,,,,,,,,,,,,,,,,8,0,1,0,0,0,8,5,6,0,0,0,0,7
T.Coleman,00-0032058,yes,ATL,RB,,,,,,1,0,1,0,0,,,,,,,,,,,,,,,,,,,,,,,,,,,,,,,,,,,,,,,18,46,0,0,0,0,110
J.Hardy,00-0031570,yes,ATL,WR,,,,,,,,,,,,,,,,,,,,,,,,,,,,,,,,,,,,,,,,,,11,0,2,0,0,0,21,,,,,,,
J.Tamme,00-0026267,yes,ATL,TE,,,,,,,,,,,,,,,,,,,,,,,,,,,,,,,,,,,,,,,,,,22,0,5,0,0,0,69,,,,,,,
N.Williams,00-0029848,yes,ATL,,,,,,,,,,,,,,,,,,,,,,,,,,,,,,,,,,,,,,,,,,,11,1,3,1,0,0,16,,,,,,,
R.White,00-0023462,yes,ATL,,,,,,,,,,,,,,,,,,,,,,,,,,,,,,,,,,,,,,,,,,,20,0,6,0,0,0,60,,,,,,,
J.Jones,00-0027944,yes,ATL,WR,,,,,,,,,,,,,,,,,,,,,,,,,,,,,,,,,,,,,,,,,,19,0,5,0,0,0,56,,,,,,,
R.Schraeder,00-0029786,yes,ATL,T,,,,,,0,1,0,1,0,,,,,,,,,,,,,,,,,,,,,,,,,,,,,,,,,,,,,,,,,,,,,
S.Graham,00-0019536,yes,ATL,,,,,,,,,,,,1,1,31,3,1,0,1,0,1,,,,,,,,,,,,,,,,,,,,,,,,,,,,,,,,,,,,
M.Bosher,00-0028130,yes,ATL,P,,,,,,,,,,,,,,,,,,,,,,,,,,,,,,,,48,0,53,2,98,,,,,,,,,,,,,,,,,,,
E.Weems,00-0024535,yes,ATL,WR,,,,,,,,,,,,,,,,,,,,44,44,0,1,0,,,,,,,,,,,,,8,10,0,2,0,,,,,,,,,,,,,,
J.Durant,00-0025435,yes,ATL,LB,1,0,0,0,1,,,,,,,,,,,,,,,,,,,,,,,,,,,,,,,,,,,,,,,,,,,,,,,,,,
J.Collins,00-0031552,yes,ATL,CB,1,0,0,0,1,,,,,,,,,,,,,,,,,,,,,,,,,,,,,,,,,,,,,,,,,,,,,,,,,,
P.Worrilow,00-0029792,yes,ATL,MLB,3,0,0,0,5,,,,,,,,,,,,,,,,,,,,,,,,,,,,,,,,,,,,,,,,,,,,,,,,,,
C.Godfrey,00-0026207,yes,ATL,,0,0,0,0,1,,,,,,,,,,,,,,,,,,,,,,,,,,,,,,,,,,,,,,,,,,,,,,,,,,
R.Hageman,00-0031281,yes,ATL,DT,0,0,0,0,1,,,,,,,,,,,,,,,,,,,,,,,,,,,,,,,,,,,,,,,,,,,,,,,,,,
N.Stupar,00-0029629,yes,ATL,LB,1,0,0,0,0,,,,,,,,,,,,,,,,,,,,,,,,,,,,,,,,,,,,,,,,,,,,,,,,,,
T.Jackson,00-0026980,yes,ATL,DE,1,0,0,0,3,,,,,,,,,,,,,,,,,,,,,,,,,,,,,,,,,,,,,,,,,,,,,,,,,,
P.Wheeler,00-0026233,yes,ATL,OLB,5,0,0,0,6,,,,,,,,,,,,,,,,,,,,,,,,,,,,,,,,,,,,,,,,,,,,,,,,,,
G.Jarrett,00-0031583,yes,ATL,DT,1,0,0,0,0,,,,,,,,,,,,,,,,,,,,,,,,,,,,,,,,,,,,,,,,,,,,,,,,,,
W.Moore,00-0027031,yes,ATL,,4,0,0,0,3,,,,,,,,,,,,,,,,,,,,,,,,,,,,,,,,,,,,,,,,,,,,,,,,,,
R.Allen,00-0031181,yes,ATL,FS,3,0,1,0,3,,,,,,,,,,,,,,,,,,,,,,,,,,,,,,,,,,,,,,,,,,,,,,,,,,
K.Biermann,00-0026294,yes,ATL,,5,0,0,0,2,,,,,,,,,,,,,,,,,,,,,,,,,,,,,,,,,,,,,,,,,,,,,,,,,,
O.Schofield,00-0027730,yes,ATL,,0,0,0,0,3,,,,,,,,,,,,,,,,,,,,,,,,,,,,,,,,,,,,,,,,,,,,,,,,,,
R.Therezie,00-0031680,yes,ATL,FS,0,0,0,0,2,,,,,,,,,,,,,,,,,,,,,,,,,,,,,,,,,,,,,,,,,,,,,,,,,,
R.Alford,00-0030528,yes,ATL,CB,1,0,0,0,1,,,,,,,,,,,,,,,,,,,,,,,,,,,,,,,,,,,,,,,,,,,,,,,,,,
A.Clayborn,00-0027958,yes,ATL,DE,0,0,0,0,1,,,,,,,,,,,,,,,,,,,,,,,,,,,,,,,,,,,,,,,,,,,,,,,,,,
P.Soliai,00-0025495,yes,ATL,DT,2,0,0,0,1,,,,,,,,,,,,,,,,,,,,,,,,,,,,,,,,,,,,,,,,,,,,,,,,,,
J.Babineaux,00-0023494,yes,ATL,NT,1,0,0,0,3,,,,,,,,,,,,,,,,,,,,,,,,,,,,,,,,,,,,,,,,,,,,,,,,,,
D.Trufant,00-0030562,yes,ATL,CB,0,0,0,0,6,,,,,,,,,,,,,,,,,,,,,,,,,,,,,,,,,,,,,,,,,,,,,,,,,,
T.Bridgewater,00-0031237,no,MIN,QB,,,,,,,,,,,,,,,,,,,,,,,,,28,20,1,0,0,0,174,,,,,,,,,,,,,,,,,,4,1,0,0,0,0,-3
A.Peterson,00-0025394,no,MIN,RB,,,,,,,,,,,,,,,,,,,,,,,,,,,,,,,,,,,,,,,,,,18,0,2,0,0,0,29,29,35,35,2,0,0,158
J.McKinnon,00-0031376,no,MIN,RB,,,,,,,,,,,,,,,,,,,,,,,,,,,,,,,,,,,,,,,,,,,,,,,,,5,10,0,0,0,0,33
M.Asiata,00-0028198,no,MIN,RB,,,,,,,,,,,,,,,,,,,,,,,,,,,,,,,,,,,,,,,,,,8,0,3,0,0,0,17,1,3,0,0,0,0,3
S.Diggs,00-0031588,no,MIN,WR,,,,,,,,,,,,,,,,,,,,,,,,,,,,,,,,,,,,,,,,,,16,0,4,0,0,0,31,,,,,,,
R.Ellison,00-0029587,no,MIN,TE,,,,,,,,,,,,,,,,,,,,,,,,,,,,,,,,,,,,,,,,,,23,0,1,0,0,0,23,,,,,,,
K.Rudolph,00-0027981,no,MIN,TE,,,,,,,,,,,,,,,,,,,,,,,,,,,,,,,,,,,,,,,,,,13,0,7,0,0,0,53,,,,,,,
Z.Line,00-0029931,no,MIN,FB,,,,,,,,,,,,,,,,,,,,,,,,,,,,,,,,,,,,,,,,,,8,0,1,0,0,0,8,,,,,,,
J.Wright,00-0029572,no,MIN,WR,,,,,,,,,,,,,,,,,,,,,,,,,,,,,,,,,,,,,,,,,,8,0,2,0,0,0,13,,,,,,,
A.Exum,00-0031267,no,MIN,CB,0,0,0,0,3,0,0,0,1,0,,,,,,,,,,,,,,,,,,,,,,,,,,,,,,,,,,,,,,,,,,,,,
B.Walsh,00-0029576,no,MIN,K,,,,,,,,,,,3,2,39,6,2,0,2,0,2,,,,,,,,,,,,,,,,,,,,,,,,,,,,,,,,,,,,
J.Locke,00-0030405,no,MIN,P,,,,,,,,,,,,,,,,,,,,,,,,,,,,,,,,39,1,52,2,95,,,,,,,,,,,,,,,,,,,
M.Sherels,00-0027547,no,MIN,CB,,,,,,,,,,,,,,,,,,,,,,,,,,,,,,,,,,,,,1,3,0,2,0,,,,,,,,,,,,,,
C.Munnerlyn,00-0026944,no,MIN,CB,1,0,1,0,2,,,,,,,,,,,,,,,,,,,,,,,,,,,,,,,,,,,,,,,,,,,,,,,,,,
A.Sendejo,00-0027914,no,MIN,SS,1,0,0,0,2,,,,,,,,,,,,,,,,,,,,,,,,,,,,,,,,,,,,,,,,,,,,,,,,,,
T.Johnson,00-0024030,no,MIN,DT,0,0,0,0,1,,,,,,,,,,,,,,,,,,,,,,,,,,,,,,,,,,,,,,,,,,,,,,,,,,
X.Rhodes,00-0030575,no,MIN,CB,0,0,0,0,2,,,,,,,,,,,,,,,,,,,,,,,,,,,,,,,,,,,,,,,,,,,,,,,,,,
K.Ellis,00-0028032,no,MIN,,1,0,0,0,0,,,,,,,,,,,,,,,,,,,,,,,,,,,,,,,,,,,,,,,,,,,,,,,,,,
D.Hunter,00-0031565,no,MIN,DE,0,0,0,0,1,,,,,,,,,,,,,,,,,,,,,,,,,,,,,,,,,,,,,,,,,,,,,,,,,,
B.Robison,00-0025489,no,MIN,DE,0,0,0,0,1,,,,,,,,,,,,,,,,,,,,,,,,,,,,,,,,,,,,,,,,,,,,,,,,,,
A.Barr,00-0031256,no,MIN,OLB,1,2,0,1,7,,,,,,,,,,,,,,,,,,,,,,,,,,,,,,,,,,,,,,,,,,,,,,,,,,
R.Blanton,00-0029575,no,MIN,DB,1,0,0,0,8,,,,,,,,,,,,,,,,,,,,,,,,,,,,,,,,,,,,,,,,,,,,,,,,,,
T.Newman,00-0022045,no,MIN,CB,1,0,1,0,1,,,,,,,,,,,,,,,,,,,,,,,,,,,,,,,,,,,,,,,,,,,,,,,,,,
C.Greenway,00-0024232,no,MIN,OLB,1,0,0,0,4,,,,,,,,,,,,,,,,,,,,,,,,,,,,,,,,,,,,,,,,,,,,,,,,,,
E.Griffen,00-0027701,no,MIN,DE,0,0,0,1,1,,,,,,,,,,,,,,,,,,,,,,,,,,,,,,,,,,,,,,,,,,,,,,,,,,
S.Floyd,00-0030574,no,MIN,DT,1,0,0,0,1,,,,,,,,,,,,,,,,,,,,,,,,,,,,,,,,,,,,,,,,,,,,,,,,,,
L.Joseph,00-0027885,no,MIN,DT,1,0,0,0,2,,,,,,,,,,,,,,,,,,,,,,,,,,,,,,,,,,,,,,,,,,,,,,,,,,
E.Kendricks,00-0031554,no,MIN,MLB,2,0,0,0,4,,,,,,,,,,,,,,,,,,,,,,,,,,,,,,,,,,,,,,,,,,,,,,,,,,
A.Dalton,00-0027973,yes,CIN,QB,,,,,,,,,,,,,,,,,,,,,,,,,27,20,1,3,0,0,233,,,,,,,,,,,,,,,,,,2,5,0,0,0,0,4
A.McCarron,00-0031288,yes,CIN,QB,,,,,,,,,,,,,,,,,,,,,,,,,1,1,0,0,0,0,3,,,,,,,,,,,,,,,,,,,,,,,,
M.Jones,00-0029293,yes,CIN,WR,,,,,,,,,,,,,,,,,,,,,,,,,,,,,,,,,,,,,,,,,,12,0,3,0,0,0,25,1,30,0,0,0,0,30
G.Bernard,00-0030456,yes,CIN,RB,,,,,,0,0,1,0,0,,,,,,,,,,,,,,,,,,,,,,,,,,,,,,,,45,0,2,0,0,0,51,10,3,0,0,0,0,16
R.Burkhead,00-0030288,yes,CIN,RB,,,,,,,,,,,,,,,,,,,,,,,,,,,,,,,,,,,,,,,,,,3,0,2,0,0,0,4,2,2,0,0,0,0,4
J.Hill,00-0031301,yes,CIN,RB,,,,,,,,,,,,,,,,,,,,,,,,,,,,,,,,,,,,,,,,,,14,0,1,0,0,0,14,16,15,0,0,0,0,86
T.Kroft,00-0032214,yes,CIN,TE,,,,,,,,,,,,,,,,,,,,,,,,,,,,,,,,,,,,,,,,,,4,0,1,0,0,0,4,,,,,,,
R.Hewitt,00-0030780,yes,CIN,TE,,,,,,,,,,,,,,,,,,,,,,,,,,,,,,,,,,,,,,,,,,21,0,2,0,0,0,29,,,,,,,
A.Green,00-0027942,yes,CIN,WR,,,,,,,,,,,,,,,,,,,,,,,,,,,,,,,,,,,,,,,,,,18,18,6,2,0,0,61,,,,,,,
M.Sanu,00-0029632,yes,CIN,WR,,,,,,,,,,,,,,,,,,,,,,,,,,,,,,,,,,,,,,,,,,8,0,1,0,0,0,8,,,,,,,
T.Eifert,00-0030549,yes,CIN,TE,,,,,,0,1,0,1,0,,,,,,,,,,,,,,,,,,,,,,,,,,,,,,,,22,22,3,1,0,0,40,,,,,,,
M.Nugent,00-0023482,yes,CIN,K,,,,,,,,,,,1,1,21,3,4,0,4,0,4,,,,,,,,,,,,,,,,,,,,,,,,,,,,,,,,,,,,
K.Huber,00-0027103,yes,CIN,P,,,,,,,,,,,,,,,,,,,,,,,,,,,,,,,,43,1,53,4,193,,,,,,,,,,,,,,,,,,,
B.Tate,00-0027057,yes,CIN,WR,,,,,,,,,,,,,,,,,,,,,,,,,,,,,,,,,,,,,8,13,0,2,0,,,,,,,,,,,,,,
A.Hawk,00-0024220,yes,CIN,,1,0,0,0,0,,,,,,,,,,,,,,,,,,,,,,,,,,,,,,,,,,,,,,,,,,,,,,,,,,
G.Iloka,00-0029215,yes,CIN,SS,1,0,1,0,3,,,,,,,,,,,,,,,,,,,,,,,,,,,,,,,,,,,,,,,,,,,,,,,,,,
V.Rey,00-0027245,yes,CIN,OLB,3,0,0,0,3,,,,,,,,,,,,,,,,,,,,,,,,,,,,,,,,,,,,,,,,,,,,,,,,,,
B.Thompson,00-0029684,yes,CIN,DT,1,0,0,0,0,,,,,,,,,,,,,,,,,,,,,,,,,,,,,,,,,,,,,,,,,,,,,,,,,,
D.Kirkpatrick,00-0029560,yes,CIN,CB,1,0,0,0,9,,,,,,,,,,,,,,,,,,,,,,,,,,,,,,,,,,,,,,,,,,,,,,,,,,
W.Gilberry,00-0026105,yes,CIN,DE,3,0,0,0,0,,,,,,,,,,,,,,,,,,,,,,,,,,,,,,,,,,,,,,,,,,,,,,,,,,
R.Maualuga,00-0027014,yes,CIN,MLB,1,0,0,0,1,,,,,,,,,,,,,,,,,,,,,,,,,,,,,,,,,,,,,,,,,,,,,,,,,,
J.Shaw,00-0032168,yes,CIN,CB,0,0,0,0,2,,,,,,,,,,,,,,,,,,,,,,,,,,,,,,,,,,,,,,,,,,,,,,,,,,
V.Burfict,00-0028912,yes,CIN,OLB,1,0,0,0,6,,,,,,,,,,,,,,,,,,,,,,,,,,,,,,,,,,,,,,,,,,,,,,,,,,
R.Nelson,00-0025408,yes,CIN,DB,0,0,1,0,2,,,,,,,,,,,,,,,,,,,,,,,,,,,,,,,,,,,,,,,,,,,,,,,,,,
C.Dunlap,00-0027662,yes,CIN,DE,3,0,0,0,1,,,,,,,,,,,,,,,,,,,,,,,,,,,,,,,,,,,,,,,,,,,,,,,,,,
D.Peko,00-0024338,yes,CIN,DT,1,0,0,0,2,,,,,,,,,,,,,,,,,,,,,,,,,,,,,,,,,,,,,,,,,,,,,,,,,,
S.Williams,00-0030471,yes,CIN,SS,0,0,0,0,1,,,,,,,,,,,,,,,,,,,,,,,,,,,,,,,,,,,,,,,,,,,,,,,,,,
E.Lamur,00-0029479,yes,CIN,LB,0,0,0,0,2,,,,,,,,,,,,,,,,,,,,,,,,,,,,,,,,,,,,,,,,,,,,,,,,,,
G.Atkins,00-0027720,yes,CIN,DT,0,0,0,1,3,,,,,,,,,,,,,,,,,,,,,,,,,,,,,,,,,,,,,,,,,,,,,,,,,,
L.Hall,00-0025405,yes,CIN,DB,2,0,1,0,4,,,,,,,,,,,,,,,,,,,,,,,,,,,,,,,,,,,,,,,,,,,,,,,,,,
A.Jones,00-0023441,yes,CIN,CB,0,0,0,0,4,,,,,,,,,,,,,,,,,,,,,,,,,,,,,,,,,,,,,,,,,,,,,,,,,,
S.Mannion,00-0032245,no,STL,QB,,,,,,,,,,,,,,,,,,,,,,,,,7,6,0,0,0,0,31,,,,,,,,,,,,,,,,,,,,,,,,
N.Foles,00-0029567,no,STL,QB,,,,,,,,,,,,,,,,,,,,,,,,,46,30,3,0,0,0,228,,,,,,,,,,,,,,,,,,1,2,0,0,0,0,2
T.Mason,00-0031391,no,STL,,,,,,,,,,,,,,,,,,,,,,,,,,,,,,,,,,,,,,,,,,,11,0,7,0,0,0,37,1,-2,0,0,0,0,-2
T.Austin,00-0030525,no,STL,WR,,,,,,,,,,,,,,,,,,,,,,,,,,,,,,,,,,,,,4,9,0,2,0,12,0,6,0,0,0,33,4,60,5,1,0,0,63
B.Cunningham,00-0029795,no,STL,RB,,,,,,,,,,,,,,,,,,,,23,23,0,2,0,,,,,,,,,,,,,,,,,,5,0,1,0,0,0,5,2,8,0,0,0,0,12
T.Gurley,00-0032241,no,STL,RB,,,,,,,,,,,,,,,,,,,,,,,,,,,,,,,,,,,,,,,,,,11,0,1,0,0,0,11,9,8,0,0,0,0,19
C.Harkey,00-0028958,no,STL,TE,,,,,,,,,,,,,,,,,,,,,,,,,,,,,,,,,,,,,,,,,,2,0,1,0,0,0,2,,,,,,,
B.Quick,00-0029640,no,STL,WR,,,,,,,,,,,,,,,,,,,,,,,,,,,,,,,,,,,,,,,,,,5,0,2,0,0,0,8,,,,,,,
K.Britt,00-0027006,no,STL,WR,,,,,,,,,,,,,,,,,,,,,,,,,,,,,,,,,,,,,,,,,,18,0,6,0,0,0,63,,,,,,,
W.Welker,00-0022427,no,STL,,,,,,,,,,,,,,,,,,,,,,,,,,,,,,,,,,,,,,13,13,0,1,0,6,0,2,0,0,0,12,,,,,,,
L.Kendricks,00-0027985,no,STL,TE,,,,,,,,,,,,,,,,,,,,,,,,,,,,,,,,,,,,,,,,,,11,0,3,0,0,0,17,,,,,,,
J.Cook,00-0027061,no,STL,TE,,,,,,,,,,,,,,,,,,,,,,,,,,,,,,,,,,,,,,,,,,25,0,4,0,0,0,58,,,,,,,
B.Marquez,00-0031818,no,STL,WR,,,,,,,,,,,,,,,,,,,,,,,,,,,,,,,,,,,,,,,,,,7,0,3,0,0,0,13,,,,,,,
Z.Hocker,00-0031092,no,STL,,,,,,,,,,,,0,0,0,0,1,0,1,0,1,,,,,,,,,,,,,,,,,,,,,,,,,,,,,,,,,,,,
J.Hekker,00-0028872,no,STL,P,,,,,,,,,,,,,,,,,,,,,,,,,,,,,,,,38,1,56,5,225,,,,,,,,,,,,,,,,,,,
T.McDonald,00-0030530,no,STL,SS,2,0,0,0,3,,,,,,,,,,,,,,,,,,,,,,,,,,,,,,,,,,,,,,,,,,,,,,,,,,
M.Barron,00-0029670,no,STL,OLB,3,0,0,0,7,,,,,,,,,,,,,,,,,,,,,,,,,,,,,,,,,,,,,,,,,,,,,,,,,,
A.Donald,00-0031388,no,STL,DT,3,0,0,0,0,,,,,,,,,,,,,,,,,,,,,,,,,,,,,,,,,,,,,,,,,,,,,,,,,,
N.Fairley,00-0027951,no,STL,DT,1,0,0,0,1,,,,,,,,,,,,,,,,,,,,,,,,,,,,,,,,,,,,,,,,,,,,,,,,,,
J.Laurinaitis,00-0027011,no,STL,LB,3,0,0,0,6,,,,,,,,,,,,,,,,,,,,,,,,,,,,,,,,,,,,,,,,,,,,,,,,,,
C.Long,00-0026142,no,STL,DE,2,0,0,0,2,,,,,,,,,,,,,,,,,,,,,,,,,,,,,,,,,,,,,,,,,,,,,,,,,,
J.Jenkins,00-0029681,no,STL,DB,0,0,1,0,3,,,,,,,,,,,,,,,,,,,,,,,,,,,,,,,,,,,,,,,,,,,,,,,,,,
R.McLeod,00-0028899,no,STL,DB,3,0,0,0,2,,,,,,,,,,,,,,,,,,,,,,,,,,,,,,,,,,,,,,,,,,,,,,,,,,
M.Longacre,00-0031814,no,STL,DE,1,0,0,0,1,,,,,,,,,,,,,,,,,,,,,,,,,,,,,,,,,,,,,,,,,,,,,,,,,,
A.Ayers,00-0027977,no,STL,,3,0,0,0,5,,,,,,,,,,,,,,,,,,,,,,,,,,,,,,,,,,,,,,,,,,,,,,,,,,
E.Sims,00-0027787,no,STL,DE,1,0,0,0,0,,,,,,,,,,,,,,,,,,,,,,,,,,,,,,,,,,,,,,,,,,,,,,,,,,
W.Hayes,00-0026243,no,STL,DE,2,0,0,0,1,,,,,,,,,,,,,,,,,,,,,,,,,,,,,,,,,,,,,,,,,,,,,,,,,,
M.Roberson,00-0030982,no,STL,,2,1,0,0,4,,,,,,,,,,,,,,,,,,,,,,,,,,,,,,,,,,,,,,,,,,,,,,,,,,
M.Brockers,00-0029630,no,STL,DT,2,0,0,0,0,,,,,,,,,,,,,,,,,,,,,,,,,,,,,,,,,,,,,,,,,,,,,,,,,,
B.Hoyer,00-0026625,yes,HOU,QB,,,,,,,,,,,,,,,,,,,,,,,,,27,21,1,2,0,0,205,,,,,,,,,,,,,,,,,,3,-1,0,0,0,0,-3
C.Shorts III,00-0028052,yes,HOU,,,,,,,0,0,1,0,0,,,,,,,,,,,,,,,,,,,,,,,,,,,,,,,,8,3,3,1,0,0,18,3,7,0,0,0,0,20
A.Blue,00-0031075,yes,HOU,RB,,,,,,,,,,,,,,,,,,,,,,,,,,,,,,,,,,,,,,,,,,4,0,1,0,0,0,4,16,12,8,1,0,0,77
J.Grimes,00-0029510,yes,HOU,RB,,,,,,0,1,0,1,0,,,,,,,,,,,,,,,,,,,,,,,,,,,,,,,,8,0,1,0,0,0,8,7,7,0,0,0,0,25
C.Polk,00-0029438,yes,HOU,,,,,,,,,,,,,,,,,,,,,,,,,,,,,,,,,,,,,,,,,,,6,0,1,0,0,0,6,6,6,0,0,0,0,21
A.Hunt,00-0031743,yes,HOU,,,,,,,,,,,,,,,,,,,,,,,,,,,,,,,,,,,,,,,,,,,-2,0,1,0,0,0,-2,3,17,0,0,0,0,27
C.Fiedorowicz,00-0031302,yes,HOU,TE,,,,,,,,,,,,,,,,,,,,,,,,,,,,,,,,,,,,,,,,,,14,0,2,0,0,0,20,,,,,,,
N.Washington,00-0023367,yes,HOU,,,,,,,,,,,,,,,,,,,,,,,,,,,,,,,,,,,,,,,,,,,32,0,3,0,0,0,43,,,,,,,
R.Griffin,00-0030108,yes,HOU,TE,,,,,,,,,,,,,,,,,,,,,,,,,,,,,,,,,,,,,,,,,,37,10,4,1,0,0,72,,,,,,,
D.Hopkins,00-0030564,yes,HOU,WR,,,,,,,,,,,,,,,,,,,,,,,,,,,,,,,,,,,,,,,,,,13,0,5,0,0,0,36,,,,,,,
K.Mumphery,00-0031600,yes,HOU,WR,,,,,,0,1,1,1,0,,,,,,,,,,26,27,0,2,0,,,,,,,,,,,,,7,12,0,4,0,,,,,,,,,,,,,,
N.Novak,00-0023096,yes,HOU,K,,,,,,,,,,,1,1,34,3,3,0,3,0,3,,,,,,,,,,,,,,,,,,,,,,,,,,,,,,,,,,,,
S.Lechler,00-0019714,yes,HOU,P,,,,,,,,,,,,,,,,,,,,,,,,,,,,,,,,29,0,51,4,189,,,,,,,,,,,,,,,,,,,
A.Hal,00-0031087,yes,HOU,FS,0,0,0,0,3,,,,,,,,,,,,,,,,,,,,,,,,,,,,,,,,,,,,,,,,,,,,,,,,,,
V.Wilfork,00-0022712,yes,HOU,NT,1,0,0,0,0,,,,,,,,,,,,,,,,,,,,,,,,,,,,,,,,,,,,,,,,,,,,,,,,,,
J.Joseph,00-0024239,yes,HOU,CB,2,0,0,0,5,,,,,,,,,,,,,,,,,,,,,,,,,,,,,,,,,,,,,,,,,,,,,,,,,,
E.Pleasant,00-0029520,yes,HOU,DB,3,0,0,0,2,,,,,,,,,,,,,,,,,,,,,,,,,,,,,,,,,,,,,,,,,,,,,,,,,,
J.Clowney,00-0031364,yes,HOU,OLB,1,0,0,0,1,,,,,,,,,,,,,,,,,,,,,,,,,,,,,,,,,,,,,,,,,,,,,,,,,,
W.Mercilus,00-0029643,yes,HOU,OLB,0,0,0,0,1,,,,,,,,,,,,,,,,,,,,,,,,,,,,,,,,,,,,,,,,,,,,,,,,,,
K.Johnson,00-0031548,yes,HOU,CB,0,0,0,0,4,,,,,,,,,,,,,,,,,,,,,,,,,,,,,,,,,,,,,,,,,,,,,,,,,,
C.James,00-0030263,yes,HOU,DB,0,0,0,0,1,,,,,,,,,,,,,,,,,,,,,,,,,,,,,,,,,,,,,,,,,,,,,,,,,,
B.Cushing,00-0026991,yes,HOU,ILB,1,0,0,0,2,,,,,,,,,,,,,,,,,,,,,,,,,,,,,,,,,,,,,,,,,,,,,,,,,,
K.Jackson,00-0027872,yes,HOU,CB,2,0,1,0,2,,,,,,,,,,,,,,,,,,,,,,,,,,,,,,,,,,,,,,,,,,,,,,,,,,
J.Crick,00-0029417,yes,HOU,DE,1,0,0,0,0,,,,,,,,,,,,,,,,,,,,,,,,,,,,,,,,,,,,,,,,,,,,,,,,,,
B.McKinney,00-0031553,yes,HOU,ILB,2,0,0,0,2,,,,,,,,,,,,,,,,,,,,,,,,,,,,,,,,,,,,,,,,,,,,,,,,,,
J.Simon,00-0030442,yes,HOU,OLB,1,0,0,0,2,,,,,,,,,,,,,,,,,,,,,,,,,,,,,,,,,,,,,,,,,,,,,,,,,,
J.Watt,00-0027949,yes,HOU,DE,2,0,0,2,3,,,,,,,,,,,,,,,,,,,,,,,,,,,,,,,,,,,,,,,,,,,,,,,,,,
Q.Demps,00-0026257,yes,HOU,SS,2,0,0,0,3,,,,,,,,,,,,,,,,,,,,,,,,,,,,,,,,,,,,,,,,,,,,,,,,,,
D.Brees,00-0020531,no,NO,QB,,,,,,0,1,1,1,0,,,,,,,,,,,,,,,44,25,1,0,0,0,228,,,,,,,,,,,,,,,,,,,,,,,,
C.Spiller,00-0027861,no,NO,RB,,,,,,,,,,,,,,,,,,,,20,25,0,2,0,,,,,,,,,,,,,,,,,,7,0,2,0,0,0,8,1,-2,0,0,0,0,-2
M.Ingram,00-0027966,no,NO,RB,,,,,,,,,,,,,,,,,,,,,,,,,,,,,,,,,,,,,,,,,,17,0,6,0,0,0,45,9,29,0,0,0,0,52
B.Cooks,00-0031236,no,NO,WR,,,,,,,,,,,,,,,,,,,,,,,,,,,,,,,,,,,,,,,,,,11,0,5,0,0,0,35,,,,,,,
W.Snead,00-0030663,no,NO,WR,,,,,,,,,,,,,,,,,,,,,,,,,,,,,,,,,,,,,,,,,,24,0,4,0,0,0,50,,,,,,,
B.Watson,00-0022943,no,NO,TE,,,,,,,,,,,,,,,,,,,,,,,,,,,,,,,,,,,,,,,,,,26,0,4,0,0,0,53,,,,,,,
T.Graham,00-0029660,no,NO,,,,,,,,,,,,,,,,,,,,,,,,,,,,,,,,,,,,,,,,,,,-1,0,1,0,0,0,-1,,,,,,,
M.Colston,00-0024466,no,NO,,,,,,,,,,,,,,,,,,,,,,,,,,,,,,,,,,,,,,,,,,,19,0,3,0,0,0,38,,,,,,,
K.Forbath,00-0028787,no,NO,,,,,,,,,,,,2,2,57,6,0,0,0,0,0,,,,,,,,,,,,,,,,,,,,,,,,,,,,,,,,,,,,
T.Morstead,00-0027114,no,NO,P,,,,,,,,,,,,,,,,,,,,,,,,,,,,,,,,42,2,53,6,281,,,,,,,,,,,,,,,,,,,
M.Murphy,00-0031959,no,NO,RB,,,,,,,,,,,,,,,,,,,,,,,,,,,,,,,,,,,,,12,12,0,1,0,,,,,,,,,,,,,,
J.Byrd,00-0027018,no,NO,FS,3,0,1,0,4,,,,,,,,,,,,,,,,,,,,,,,,,,,,,,,,,,,,,,,,,,,,,,,,,,
S.Anthony,00-0032102,no,NO,MLB,2,0,0,0,8,,,,,,,,,,,,,,,,,,,,,,,,,,,,,,,,,,,,,,,,,,,,,,,,,,
M.Mauti,00-0030392,no,NO,OLB,2,0,0,0,5,,,,,,,,,,,,,,,,,,,,,,,,,,,,,,,,,,,,,,,,,,,,,,,,,,
B.Browner,00-0023013,no,NO,,1,0,0,0,3,,,,,,,,,,,,,,,,,,,,,,,,,,,,,,,,,,,,,,,,,,,,,,,,,,
K.Williams,00-0022073,no,NO,,0,0,0,0,1,,,,,,,,,,,,,,,,,,,,,,,,,,,,,,,,,,,,,,,,,,,,,,,,,,
K.Vaccaro,00-0030060,no,NO,SS,5,1,0,0,8,,,,,,,,,,,,,,,,,,,,,,,,,,,,,,,,,,,,,,,,,,,,,,,,,,
T.Davison,00-0031947,no,NO,DT,3,0,0,0,0,,,,,,,,,,,,,,,,,,,,,,,,,,,,,,,,,,,,,,,,,,,,,,,,,,
R.Humber,00-0026672,no,NO,LB,6,0,0,0,1,,,,,,,,,,,,,,,,,,,,,,,,,,,,,,,,,,,,,,,,,,,,,,,,,,
B.Richardson,00-0032024,no,NO,,0,0,0,0,3,,,,,,,,,,,,,,,,,,,,,,,,,,,,,,,,,,,,,,,,,,,,,,,,,,
J.Jenkins,00-0030070,no,NO,DT,2,0,0,0,4,,,,,,,,,,,,,,,,,,,,,,,,,,,,,,,,,,,,,,,,,,,,,,,,,,
H.Kikaha,00-0032056,no,NO,OLB,3,0,0,0,0,,,,,,,,,,,,,,,,,,,,,,,,,,,,,,,,,,,,,,,,,,,,,,,,,,
T.Barnes,00-0032032,no,NO,DE,2,0,0,0,0,,,,,,,,,,,,,,,,,,,,,,,,,,,,,,,,,,,,,,,,,,,,,,,,,,
D.Breaux,00-0031474,no,NO,CB,2,0,0,0,2,,,,,,,,,,,,,,,,,,,,,,,,,,,,,,,,,,,,,,,,,,,,,,,,,,
K.Wilson,00-0027879,no,NO,DB,1,0,0,0,1,,,,,,,,,,,,,,,,,,,,,,,,,,,,,,,,,,,,,,,,,,,,,,,,,,
C.Jordan,00-0027962,no,NO,DE,2,0,0,1,2,,,,,,,,,,,,,,,,,,,,,,,,,,,,,,,,,,,,,,,,,,,,,,,,,,
M.Hasselbeck,00-0007091,yes,IND,,,,,,,,,,,,,,,,,,,,,,,,,,42,26,0,2,0,0,315,,,,,,,,,,,,,,,,,,3,-1,0,0,0,0,-3
F.Gore,00-0023500,yes,IND,RB,,,,,,,,,,,,,,,,,,,,,,,,,,,,,,,,,,,,,,,,,,9,0,2,0,0,0,13,19,5,0,0,0,0,24
A.Bradshaw,00-0025637,yes,IND,,,,,,,,,,,,,,,,,,,,,,,,,,,,,,,,,,,,,,,,,,,10,0,3,0,0,0,20,4,7,0,0,0,0,6
J.Doyle,00-0030181,yes,IND,TE,,,,,,,,,,,,,,,,,,,,,,,,,,,,,,,,,,,,,,,,,,5,0,1,0,0,0,5,,,,,,,
D.Allen,00-0029689,yes,IND,TE,,,,,,,,,,,,,,,,,,,,,,,,,,,,,,,,,,,,,,,,,,11,0,2,0,0,0,19,,,,,,,
C.Fleener,00-0029697,yes,IND,TE,,,,,,,,,,,,,,,,,,,,,,,,,,,,,,,,,,,,,,,,,,17,0,3,0,0,0,27,,,,,,,
T.Hilton,00-0029608,yes,IND,WR,,,,,,0,0,1,0,0,,,,,,,,,,,,,,,,,,,,,,,,,,,,,,,,31,19,6,2,0,0,95,,,,,,,
A.Johnson,00-0022044,yes,IND,WR,,,,,,,,,,,,,,,,,,,,,,,,,,,,,,,,,,,,,,,,,,22,0,1,0,0,0,22,,,,,,,
D.Moncrief,00-0031339,yes,IND,WR,,,,,,,,,,,,,,,,,,,,,,,,,,,,,,,,,,,,,,,,,,31,0,8,0,0,0,114,,,,,,,
A.Vinatieri,00-0016919,yes,IND,K,,,,,,,,,,,4,4,49,12,2,0,1,1,1,,,,,,,,,,,,,,,,,,,,,,,,,,,,,,,,,,,,
P.McAfee,00-0027145,yes,IND,P,,,,,,,,,,,,,,,,,,,,,,,,,,,,,,,,50,2,57,3,156,,,,,,,,,,,,,,,,,,,
Q.Bray,00-0031514,yes,IND,WR,,,,,,,,,,,,,,,,,,,,21,23,0,4,0,,,,,,,,,,,,,20,20,0,1,0,,,,,,,,,,,,,,
C.Geathers,00-0031571,yes,IND,SS,3,0,0,0,3,,,,,,,,,,,,,,,,,,,,,,,,,,,,,,,,,,,,,,,,,,,,,,,,,,
V.Davis,00-0027001,yes,IND,CB,2,0,0,0,1,,,,,,,,,,,,,,,,,,,,,,,,,,,,,,,,,,,,,,,,,,,,,,,,,,
K.Langford,00-0026206,yes,IND,DE,0,0,0,0,1,,,,,,,,,,,,,,,,,,,,,,,,,,,,,,,,,,,,,,,,,,,,,,,,,,
J.Freeman,00-0025920,yes,IND,LB,2,0,0,0,6,,,,,,,,,,,,,,,,,,,,,,,,,,,,,,,,,,,,,,,,,,,,,,,,,,
T.Cole,00-0023579,yes,IND,OLB,1,0,0,1,2,,,,,,,,,,,,,,,,,,,,,,,,,,,,,,,,,,,,,,,,,,,,,,,,,,
D.Jackson,00-0024249,yes,IND,ILB,5,0,0,1,6,,,,,,,,,,,,,,,,,,,,,,,,,,,,,,,,,,,,,,,,,,,,,,,,,,
E.Walden,00-0026307,yes,IND,OLB,0,0,0,2,4,,,,,,,,,,,,,,,,,,,,,,,,,,,,,,,,,,,,,,,,,,,,,,,,,,
D.Butler,00-0027017,yes,IND,CB,0,0,0,0,3,,,,,,,,,,,,,,,,,,,,,,,,,,,,,,,,,,,,,,,,,,,,,,,,,,
D.Parry,00-0031592,yes,IND,NT,1,0,0,0,0,,,,,,,,,,,,,,,,,,,,,,,,,,,,,,,,,,,,,,,,,,,,,,,,,,
R.Mathis,00-0022059,yes,IND,OLB,1,0,0,0,1,,,,,,,,,,,,,,,,,,,,,,,,,,,,,,,,,,,,,,,,,,,,,,,,,,
T.McGill,00-0032162,yes,IND,DT,0,0,0,0,1,,,,,,,,,,,,,,,,,,,,,,,,,,,,,,,,,,,,,,,,,,,,,,,,,,
G.Toler,00-0026910,yes,IND,DB,0,0,0,0,3,,,,,,,,,,,,,,,,,,,,,,,,,,,,,,,,,,,,,,,,,,,,,,,,,,
N.Irving,00-0028005,yes,IND,,0,0,0,1,2,,,,,,,,,,,,,,,,,,,,,,,,,,,,,,,,,,,,,,,,,,,,,,,,,,
D.Lowery,00-0026253,yes,IND,DB,1,0,1,0,3,,,,,,,,,,,,,,,,,,,,,,,,,,,,,,,,,,,,,,,,,,,,,,,,,,
J.Winston,00-0031503,no,TB,QB,,,,,,,,,,,,,,,,,,,,,,,,,36,20,1,1,0,0,245,,,,,,,,,,,,,,,,,,3,14,0,0,0,0,27
C.Sims,00-0031390,no,TB,RB,,,,,,,,,,,,,,,,,,,,,,,,,,,,,,,,,,,,,,,,,,16,0,3,0,0,0,31,4,6,0,0,0,0,8
D.Martin,00-0029613,no,TB,RB,,,,,,,,,,,,,,,,,,,,,,,,,,,,,,,,,,,,,,,,,,1,0,1,0,0,0,1,14,56,0,0,0,0,97
M.Evans,00-0031408,no,TB,WR,,,,,,,,,,,,,,,,,,,,,,,,,,,,,,,,,,,,,,,,,,17,0,5,0,0,0,64,,,,,,,
A.Humphries,00-0032009,no,TB,WR,,,,,,,,,,,,,,,,,,,,,,,,,,,,,,,,,,,,,,,,,,11,0,2,0,0,0,20,,,,,,,
C.Brate,00-0031273,no,TB,TE,,,,,,,,,,,,,,,,,,,,,,,,,,,,,,,,,,,,,,,,,,20,20,5,1,0,0,53,,,,,,,
V.Jackson,00-0023496,no,TB,WR,,,,,,,,,,,,,,,,,,,,,,,,,,,,,,,,,,,,,,,,,,21,0,4,0,0,0,76,,,,,,,
C.Barth,00-0026138,no,TB,K,,,,,,,,,,,3,2,38,6,1,0,0,1,0,,,,,,,,,,,,,,,,,,,,,,,,,,,,,,,,,,,,
J.Schum,00-0029739,no,TB,P,,,,,,,,,,,,,,,,,,,,,,,,,,,,,,,,41,0,54,3,142,,,,,,,,,,,,,,,,,,,
B.Rainey,00-0029384,no,TB,RB,,,,,,,,,,,,,,,,,,,,,,,,,,,,,,,,,,,,,7,7,0,1,0,,,,,,,,,,,,,,
A.Spence,00-0030402,no,TB,DT,0,0,0,1,3,,,,,,,,,,,,,,,,,,,,,,,,,,,,,,,,,,,,,,,,,,,,,,,,,,
T.McDaniel,00-0024102,no,TB,DT,2,0,0,0,0,,,,,,,,,,,,,,,,,,,,,,,,,,,,,,,,,,,,,,,,,,,,,,,,,,
D.Lansanah,00-0026028,no,TB,,0,0,0,0,4,,,,,,,,,,,,,,,,,,,,,,,,,,,,,,,,,,,,,,,,,,,,,,,,,,
S.Moore,00-0028767,no,TB,,0,1,0,0,3,,,,,,,,,,,,,,,,,,,,,,,,,,,,,,,,,,,,,,,,,,,,,,,,,,
H.Jones,00-0030881,no,TB,DE,0,0,0,1,3,,,,,,,,,,,,,,,,,,,,,,,,,,,,,,,,,,,,,,,,,,,,,,,,,,
K.Alexander,00-0032109,no,TB,MLB,3,0,0,0,7,,,,,,,,,,,,,,,,,,,,,,,,,,,,,,,,,,,,,,,,,,,,,,,,,,
L.David,00-0029562,no,TB,OLB,3,0,0,0,4,,,,,,,,,,,,,,,,,,,,,,,,,,,,,,,,,,,,,,,,,,,,,,,,,,
C.Conte,00-0028031,no,TB,SS,1,0,0,0,0,,,,,,,,,,,,,,,,,,,,,,,,,,,,,,,,,,,,,,,,,,,,,,,,,,
J.Adjei-Barimah,00-0032273,no,TB,CB,3,0,0,0,6,,,,,,,,,,,,,,,,,,,,,,,,,,,,,,,,,,,,,,,,,,,,,,,,,,
A.Verner,00-0027705,no,TB,CB,0,0,0,0,1,,,,,,,,,,,,,,,,,,,,,,,,,,,,,,,,,,,,,,,,,,,,,,,,,,
B.McDougald,00-0030161,no,TB,FS,1,0,0,0,5,,,,,,,,,,,,,,,,,,,,,,,,,,,,,,,,,,,,,,,,,,,,,,,,,,
W.Gholston,00-0030386,no,TB,DE,1,0,0,0,3,,,,,,,,,,,,,,,,,,,,,,,,,,,,,,,,,,,,,,,,,,,,,,,,,,
B.Carter,00-0027978,no,TB,LB,0,0,0,0,1,,,,,,,,,,,,,,,,,,,,,,,,,,,,,,,,,,,,,,,,,,,,,,,,,,
G.McCoy,00-0027856,no,TB,DT,0,0,0,1,2,,,,,,,,,,,,,,,,,,,,,,,,,,,,,,,,,,,,,,,,,,,,,,,,,,
R.Fitzpatrick,00-0023682,yes,NYJ,QB,,,,,,0,1,1,1,0,,,,,,,,,,,,,,,37,22,0,4,0,0,277,,,,,,,,,,,,,,,,,,5,10,0,0,0,0,21
S.Ridley,00-0028011,yes,NYJ,,,,,,,,,,,,,,,,,,,,,,,,,,,,,,,,,,,,,,,,,,,,,,,,,,2,2,0,0,0,0,1
B.Powell,00-0028064,yes,NYJ,RB,,,,,,,,,,,,,,,,,,,,,,,,,,,,,,,,,,,,,,,,,,6,0,2,0,0,0,7,6,17,0,0,0,0,28
C.Ivory,00-0027531,yes,NYJ,RB,,,,,,,,,,,,,,,,,,,,,,,,,,,,,,,,,,,,,,,,,,9,0,2,0,0,0,15,21,31,31,1,0,0,87
Q.Enunwa,00-0031023,yes,NYJ,WR,,,,,,,,,,,,,,,,,,,,,,,,,,,,,,,,,,,,,,,,,,18,0,2,0,0,0,29,,,,,,,
B.Marshall,00-0024334,yes,NYJ,WR,,,,,,,,,,,,,,,,,,,,,,,,,,,,,,,,,,,,,,,,,,47,17,9,2,0,0,131,,,,,,,
E.Decker,00-0027690,yes,NYJ,WR,,,,,,,,,,,,,,,,,,,,,,,,,,,,,,,,,,,,,,,,,,24,2,5,1,0,0,62,,,,,,,
D.Smith,00-0031934,yes,NYJ,WR,,,,,,,,,,,,,,,,,,,,,,,,,,,,,,,,,,,,,,,,,,17,16,2,1,0,0,33,,,,,,,
L.Mauldin,00-0031564,yes,NYJ,OLB,0,0,0,1,1,0,0,0,1,0,,,,,,,,,,,,,,,,,,,,,,,,,,,,,,,,,,,,,,,,,,,,,
R.Bullock,00-0029421,yes,NYJ,K,,,,,,,,,,,1,1,41,3,5,0,5,0,5,,,,,,,,,,,,,,,,,,,,,,,,,,,,,,,,,,,,
R.Quigley,00-0029493,yes,NYJ,,,,,,,,,,,,,,,,,,,,,,,,,,,,,,,,,37,1,57,5,234,,,,,,,,,,,,,,,,,,,
K.Davis,00-0026298,yes,NYJ,TE,,,,,,,,,,,,,,,,,,,,11,11,0,1,0,,,,,,,,,,,,,,,,,,,,,,,,,,,,,,,
J.Kerley,00-0028091,yes,NYJ,WR,,,,,,,,,,,,,,,,,,,,,,,,,,,,,,,,,,,,,16,58,0,6,0,,,,,,,,,,,,,,
D.Davis,00-0029607,yes,NYJ,LB,1,0,0,0,3,,,,,,,,,,,,,,,,,,,,,,,,,,,,,,,,,,,,,,,,,,,,,,,,,,
D.Harrison,00-0029040,yes,NYJ,DT,4,0,0,0,1,,,,,,,,,,,,,,,,,,,,,,,,,,,,,,,,,,,,,,,,,,,,,,,,,,
M.Williams,00-0031151,yes,NYJ,CB,0,0,1,0,0,,,,,,,,,,,,,,,,,,,,,,,,,,,,,,,,,,,,,,,,,,,,,,,,,,
D.Harris,00-0025434,yes,NYJ,ILB,2,0,0,0,2,,,,,,,,,,,,,,,,,,,,,,,,,,,,,,,,,,,,,,,,,,,,,,,,,,
C.Pryor,00-0031343,yes,NYJ,SS,2,0,0,0,5,,,,,,,,,,,,,,,,,,,,,,,,,,,,,,,,,,,,,,,,,,,,,,,,,,
R.Miles,00-0030170,yes,NYJ,SS,1,0,0,0,0,,,,,,,,,,,,,,,,,,,,,,,,,,,,,,,,,,,,,,,,,,,,,,,,,,
D.McDougle,00-0031414,yes,NYJ,,1,0,0,0,0,,,,,,,,,,,,,,,,,,,,,,,,,,,,,,,,,,,,,,,,,,,,,,,,,,
B.Skrine,00-0028075,yes,NYJ,DB,2,0,0,0,5,,,,,,,,,,,,,,,,,,,,,,,,,,,,,,,,,,,,,,,,,,,,,,,,,,
C.Pace,00-0022120,yes,NYJ,,0,0,0,0,1,,,,,,,,,,,,,,,,,,,,,,,,,,,,,,,,,,,,,,,,,,,,,,,,,,
E.Henderson,00-0025945,yes,NYJ,LB,1,0,0,0,4,,,,,,,,,,,,,,,,,,,,,,,,,,,,,,,,,,,,,,,,,,,,,,,,,,
M.Wilkerson,00-0027968,yes,NYJ,DE,1,0,0,1,3,,,,,,,,,,,,,,,,,,,,,,,,,,,,,,,,,,,,,,,,,,,,,,,,,,
L.Williams,00-0031933,yes,NYJ,DT,2,0,0,0,0,,,,,,,,,,,,,,,,,,,,,,,,,,,,,,,,,,,,,,,,,,,,,,,,,,
M.Gilchrist,00-0027988,yes,NYJ,FS,3,0,0,0,4,,,,,,,,,,,,,,,,,,,,,,,,,,,,,,,,,,,,,,,,,,,,,,,,,,
S.Richardson,00-0030573,yes,NYJ,DE,0,1,0,1,1,,,,,,,,,,,,,,,,,,,,,,,,,,,,,,,,,,,,,,,,,,,,,,,,,,
R.Tannehill,00-0029701,no,MIA,QB,,,,,,1,3,1,3,0,,,,,,,,,,,,,,,58,33,1,3,0,0,351,,,,,,,,,,,,,,,,,,,,,,,,
L.Miller,00-0029615,no,MIA,RB,,,,,,,,,,,,,,,,,,,,,,,,,,,,,,,,,,,,,,,,,,17,0,3,0,0,0,11,5,2,0,0,0,0,2
J.Landry,00-0031382,no,MIA,WR,,,,,,,,,,,,,,,,,,,,,,,,,,,,,,,,,,,,,3,3,0,1,0,40,5,13,1,0,0,165,1,4,0,0,0,0,4
J.Ajayi,00-0031590,no,MIA,RB,,,,,,,,,,,,,,,,,,,,,,,,,,,,,,,,,,,,,,,,,,15,0,4,0,0,0,52,3,5,0,0,0,0,6
J.Cameron,00-0028040,no,MIA,TE,,,,,,,,,,,,,,,,,,,,,,,,,,,,,,,,,,,,,,,,,,7,0,2,0,0,0,13,,,,,,,
D.Sims,00-0030422,no,MIA,TE,,,,,,,,,,,,,,,,,,,,,,,,,,,,,,,,,,,,,,,,,,-1,0,1,0,0,0,-1,,,,,,,
K.Stills,00-0030085,no,MIA,WR,,,,,,,,,,,,,,,,,,,,,,,,,,,,,,,,,,,,,,,,,,7,0,2,0,0,0,12,,,,,,,
D.Parker,00-0031547,no,MIA,WR,,,,,,,,,,,,,,,,,,,,,,,,,,,,,,,,,,,,,,,,,,33,33,4,1,0,0,80,,,,,,,
G.Jennings,00-0024267,no,MIA,,,,,,,,,,,,,,,,,,,,,,,,,,,,,,,,,,,,,,,,,,,5,5,2,1,0,0,9,,,,,,,
Da.Williams,00-0030874,no,MIA,RB,,,,,,,,,,,,,,,,,,,,23,28,0,4,0,,,,,,,,,,,,,,,,,,7,0,2,0,0,0,10,,,,,,,
J.Douglas,00-0031575,no,MIA,,,,,,,0,0,3,0,0,,,,,,,,,,,,,,,,,,,,,,,,,,,,,,,,,,,,,,,,,,,,,
A.Franks,00-0031718,no,MIA,K,,,,,,,,,,,0,0,0,0,3,0,2,1,2,,,,,,,,,,,,,,,,,,,,,,,,,,,,,,,,,,,,
M.Darr,00-0031716,no,MIA,P,,,,,,,,,,,,,,,,,,,,,,,,,,,,,,,,33,2,55,8,360,,,,,,,,,,,,,,,,,,,
B.Grimes,00-0024183,no,MIA,DB,0,0,0,0,4,,,,,,,,,,,,,,,,,,,,,,,,,,,,,,,,14,28,0,3,0,,,,,,,,,,,,,,
E.Mitchell,00-0027684,no,MIA,DT,1,0,0,0,2,,,,,,,,,,,,,,,,,,,,,,,,,,,,,,,,,,,,,,,,,,,,,,,,,,
J.Jenkins,00-0030384,no,MIA,OLB,1,0,0,0,1,,,,,,,,,,,,,,,,,,,,,,,,,,,,,,,,,,,,,,,,,,,,,,,,,,
M.Thomas,00-0028908,no,MIA,FS,4,0,0,0,4,,,,,,,,,,,,,,,,,,,,,,,,,,,,,,,,,,,,,,,,,,,,,,,,,,
S.Gary,00-0030682,no,MIA,,1,0,0,0,1,,,,,,,,,,,,,,,,,,,,,,,,,,,,,,,,,,,,,,,,,,,,,,,,,,
D.Shelby,00-0029111,no,MIA,DE,2,0,0,0,0,,,,,,,,,,,,,,,,,,,,,,,,,,,,,,,,,,,,,,,,,,,,,,,,,,
O.Vernon,00-0029693,no,MIA,DE,1,0,0,1,4,,,,,,,,,,,,,,,,,,,,,,,,,,,,,,,,,,,,,,,,,,,,,,,,,,
N.Suh,00-0027855,no,MIA,DT,3,0,0,0,1,,,,,,,,,,,,,,,,,,,,,,,,,,,,,,,,,,,,,,,,,,,,,,,,,,
R.Jones,00-0027762,no,MIA,SS,1,0,0,0,6,,,,,,,,,,,,,,,,,,,,,,,,,,,,,,,,,,,,,,,,,,,,,,,,,,
J.Taylor,00-0030484,no,MIA,DB,1,0,0,0,2,,,,,,,,,,,,,,,,,,,,,,,,,,,,,,,,,,,,,,,,,,,,,,,,,,
Br.McCain,00-0026935,no,MIA,DB,0,0,0,0,4,,,,,,,,,,,,,,,,,,,,,,,,,,,,,,,,,,,,,,,,,,,,,,,,,,
K.Sheppard,00-0028006,no,MIA,LB,5,0,0,0,4,,,,,,,,,,,,,,,,,,,,,,,,,,,,,,,,,,,,,,,,,,,,,,,,,,
K.Misi,00-0027883,no,MIA,OLB,0,0,0,0,3,,,,,,,,,,,,,,,,,,,,,,,,,,,,,,,,,,,,,,,,,,,,,,,,,,
J.Phillips,00-0031557,no,MIA,DT,0,0,0,0,2,,,,,,,,,,,,,,,,,,,,,,,,,,,,,,,,,,,,,,,,,,,,,,,,,,
N.Hewitt,00-0031740,no,MIA,OLB,2,0,0,0,2,,,,,,,,,,,,,,,,,,,,,,,,,,,,,,,,,,,,,,,,,,,,,,,,,,
B.Bortles,00-0031407,yes,JAC,QB,,,,,,,,,,,,,,,,,,,,,,,,,49,30,1,2,0,0,329,,,,,,,,,,,,,,,,,,6,10,0,0,0,0,33
D.Robinson,00-0030547,yes,JAC,RB,,,,,,,,,,,,,,,,,,,,,,,,,,,,,,,,,,,,,,,,,,9,0,1,0,0,0,9,3,19,0,0,0,0,23
T.Yeldon,00-0032209,yes,JAC,RB,,,,,,,,,,,,,,,,,,,,,,,,,,,,,,,,,,,,,,,,,,20,0,4,0,0,0,46,9,21,0,0,0,0,36
M.Lee,00-0031431,yes,JAC,WR,,,,,,,,,,,,,,,,,,,,,,,,,,,,,,,,,,,,,,,,,,3,0,1,0,0,0,3,1,10,0,0,0,0,10
A.Hurns,00-0030821,yes,JAC,WR,,,,,,,,,,,,,,,,,,,,,,,,,,,,,,,,,,,,,,,,,,29,0,4,0,0,0,42,,,,,,,
M.Lewis,00-0024243,yes,JAC,TE,,,,,,,,,,,,,,,,,,,,,,,,,,,,,,,,,,,,,,,,,,24,0,1,0,0,0,24,,,,,,,
C.Harbor,00-0027725,yes,JAC,TE,,,,,,,,,,,,,,,,,,,,,,,,,,,,,,,,,,,,,,,,,,12,0,1,0,0,0,12,,,,,,,
A.Robinson,00-0031428,yes,JAC,WR,,,,,,,,,,,,,,,,,,,,,,,,,,,,,,,,,,,,,,,,,,25,8,5,1,0,0,56,,,,,,,
J.Thomas,00-0028067,yes,JAC,TE,,,,,,,,,,,,,,,,,,,,,,,,,,,,,,,,,,,,,,,,,,34,21,9,1,0,0,116,,,,,,,
R.Greene,00-0032170,yes,JAC,WR,,,,,,,,,,,,,,,,,,,,,,,,,,,,,,,,,,,,,9,15,0,3,0,8,0,3,0,0,0,17,,,,,,,
B.Walters,00-0027595,yes,JAC,WR,,,,,,,,,,,,,,,,,,,,,,,,,,,,,,,,,,,,,,,,,,4,0,1,0,0,0,4,,,,,,,
J.Myers,00-0031492,yes,JAC,K,,,,,,,,,,,4,4,51,12,2,0,1,1,1,,,,,,,,,,,,,,,,,,,,,,,,,,,,,,,,,,,,
B.Anger,00-0029692,yes,JAC,P,,,,,,,,,,,,,,,,,,,,,,,,,,,,,,,,30,1,51,3,124,,,,,,,,,,,,,,,,,,,
R.Miller,00-0027055,yes,JAC,DT,1,0,0,1,4,,,,,,,,,,,,,,,,,,,,,,,,,,,,,,,,,,,,,,,,,,,,,,,,,,
D.House,00-0028069,yes,JAC,CB,0,0,0,0,3,,,,,,,,,,,,,,,,,,,,,,,,,,,,,,,,,,,,,,,,,,,,,,,,,,
C.Clemons,00-0021577,yes,JAC,,0,0,0,0,1,,,,,,,,,,,,,,,,,,,,,,,,,,,,,,,,,,,,,,,,,,,,,,,,,,
A.Colvin,00-0031259,yes,JAC,CB,0,0,0,0,3,,,,,,,,,,,,,,,,,,,,,,,,,,,,,,,,,,,,,,,,,,,,,,,,,,
P.Posluszny,00-0025421,yes,JAC,MLB,0,0,0,0,11,,,,,,,,,,,,,,,,,,,,,,,,,,,,,,,,,,,,,,,,,,,,,,,,,,
J.Cyprien,00-0030538,yes,JAC,SS,0,0,0,0,3,,,,,,,,,,,,,,,,,,,,,,,,,,,,,,,,,,,,,,,,,,,,,,,,,,
D.Gratz,00-0030539,yes,JAC,CB,0,0,0,0,4,,,,,,,,,,,,,,,,,,,,,,,,,,,,,,,,,,,,,,,,,,,,,,,,,,
T.Armbrister,00-0031729,yes,JAC,LB,0,0,0,0,1,,,,,,,,,,,,,,,,,,,,,,,,,,,,,,,,,,,,,,,,,,,,,,,,,,
C.Smith,00-0031264,yes,JAC,DE,0,0,0,0,1,,,,,,,,,,,,,,,,,,,,,,,,,,,,,,,,,,,,,,,,,,,,,,,,,,
T.Smith,00-0031309,yes,JAC,OLB,1,0,0,0,6,,,,,,,,,,,,,,,,,,,,,,,,,,,,,,,,,,,,,,,,,,,,,,,,,,
S.Brown,00-0027232,yes,JAC,,0,0,0,0,2,,,,,,,,,,,,,,,,,,,,,,,,,,,,,,,,,,,,,,,,,,,,,,,,,,
J.Evans,00-0030557,yes,JAC,,0,0,0,0,2,,,,,,,,,,,,,,,,,,,,,,,,,,,,,,,,,,,,,,,,,,,,,,,,,,
D.McCray,00-0030451,yes,JAC,,0,0,0,0,3,,,,,,,,,,,,,,,,,,,,,,,,,,,,,,,,,,,,,,,,,,,,,,,,,,
J.Odrick,00-0027878,yes,JAC,DE,0,0,0,1,1,,,,,,,,,,,,,,,,,,,,,,,,,,,,,,,,,,,,,,,,,,,,,,,,,,
P.Rivers,00-0022942,no,SD,QB,,,,,,,,,,,,,,,,,,,,,,,,,43,29,0,4,0,0,300,,,,,,,,,,,,,,,,,,5,8,0,0,0,0,9
M.Gordon,00-0032144,no,SD,RB,,,,,,,,,,,,,,,,,,,,,,,,,,,,,,,,,,,,,,,,,,16,0,5,0,0,0,20,14,14,0,0,0,0,60
D.Woodhead,00-0026019,no,SD,RB,,,,,,,,,,,,,,,,,,,,,,,,,,,,,,,,,,,,,,,,,,11,0,6,0,0,0,39,4,6,0,0,0,0,8
D.Brown,00-0027003,no,SD,,,,,,,,,,,,,,,,,,,,,,,,,,,,,,,,,,,,,,,,,,,,,,,,,,3,3,0,0,0,0,2
D.Inman,00-0028411,no,SD,WR,,,,,,,,,,,,,,,,,,,,,,,,,,,,,,,,,,,,,,,,,,23,2,5,1,0,0,65,,,,,,,
A.Gates,00-0021547,no,SD,TE,,,,,,,,,,,,,,,,,,,,,,,,,,,,,,,,,,,,,,,,,,27,12,4,2,0,0,53,,,,,,,
L.Green,00-0029275,no,SD,TE,,,,,,,,,,,,,,,,,,,,,,,,,,,,,,,,,,,,,,,,,,19,0,1,0,0,0,19,,,,,,,
M.Floyd,00-0022414,no,SD,,,,,,,,,,,,,,,,,,,,,,,,,,,,,,,,,,,,,,,,,,,12,0,1,0,0,0,12,,,,,,,
S.Johnson,00-0026364,no,SD,WR,,,,,,,,,,,,,,,,,,,,,,,,,,,,,,,,,,,,,,,,,,25,5,7,1,0,0,92,,,,,,,
J.Lambo,00-0032087,no,SD,K,,,,,,,,,,,1,1,28,3,4,0,4,0,4,,,,,,,,,,,,,,,,,,,,,,,,,,,,,,,,,,,,
M.Scifres,00-0022017,no,SD,,,,,,,,,,,,,,,,,,,,,,,,,,,,,,,,,37,1,54,5,247,,,,,,,,,,,,,,,,,,,
J.Herndon,00-0030920,no,SD,WR,,,,,,,,,,,,,,,,,,,,13,13,0,1,0,,,,,,,,,,,,,16,18,0,2,0,,,,,,,,,,,,,,
J.Wilson,00-0028173,no,SD,,0,0,0,1,1,,,,,,,,,,,,,,,,,,,,,,,,,,,,,,,,,,,,,,,,,,,,,,,,,,
E.Weddle,00-0025424,no,SD,DB,0,0,0,0,5,,,,,,,,,,,,,,,,,,,,,,,,,,,,,,,,,,,,,,,,,,,,,,,,,,
K.Reyes,00-0029256,no,SD,DT,0,0,0,1,2,,,,,,,,,,,,,,,,,,,,,,,,,,,,,,,,,,,,,,,,,,,,,,,,,,
J.Attaochu,00-0031258,no,SD,OLB,1,0,0,0,0,,,,,,,,,,,,,,,,,,,,,,,,,,,,,,,,,,,,,,,,,,,,,,,,,,
M.Te'o,00-0030278,no,SD,ILB,2,0,1,0,4,,,,,,,,,,,,,,,,,,,,,,,,,,,,,,,,,,,,,,,,,,,,,,,,,,
D.Butler,00-0027682,no,SD,,0,0,0,0,1,,,,,,,,,,,,,,,,,,,,,,,,,,,,,,,,,,,,,,,,,,,,,,,,,,
B.Flowers,00-0026175,no,SD,CB,0,0,0,0,2,,,,,,,,,,,,,,,,,,,,,,,,,,,,,,,,,,,,,,,,,,,,,,,,,,
K.Emanuel,00-0032110,no,SD,OLB,0,0,0,0,1,,,,,,,,,,,,,,,,,,,,,,,,,,,,,,,,,,,,,,,,,,,,,,,,,,
J.Addae,00-0030312,no,SD,SS,0,0,0,0,5,,,,,,,,,,,,,,,,,,,,,,,,,,,,,,,,,,,,,,,,,,,,,,,,,,
D.Perryman,00-0032103,no,SD,ILB,1,0,0,0,6,,,,,,,,,,,,,,,,,,,,,,,,,,,,,,,,,,,,,,,,,,,,,,,,,,
R.Mathews,00-0027829,no,SD,DT,1,0,0,0,1,,,,,,,,,,,,,,,,,,,,,,,,,,,,,,,,,,,,,,,,,,,,,,,,,,
P.Robinson,00-0027882,no,SD,DB,1,0,0,0,4,,,,,,,,,,,,,,,,,,,,,,,,,,,,,,,,,,,,,,,,,,,,,,,,,,
J.Verrett,00-0031334,no,SD,CB,1,0,0,0,5,,,,,,,,,,,,,,,,,,,,,,,,,,,,,,,,,,,,,,,,,,,,,,,,,,
R.Carrethers,00-0030994,no,SD,NT,0,0,0,0,1,,,,,,,,,,,,,,,,,,,,,,,,,,,,,,,,,,,,,,,,,,,,,,,,,,
S.Lissemore,00-0027826,no,SD,NT,1,0,0,0,0,,,,,,,,,,,,,,,,,,,,,,,,,,,,,,,,,,,,,,,,,,,,,,,,,,
M.Mariota,00-0032268,yes,TEN,QB,,,,,,,,,,,,,,,,,,,,,,,,,37,17,2,3,1,1,218,,,,,,,,,,,,,,,,,,1,7,0,0,0,0,7
A.Andrews,00-0030789,yes,TEN,RB,,,,,,,,,,,,,,,,,,,,,,,,,,,,,,,,,,,,,,,,,,14,0,1,0,0,0,14,11,11,0,0,0,0,32
K.Wright,00-0029708,yes,TEN,WR,,,,,,,,,,,,,,,,,,,,,,,,,,,,,,,,,,,,,,,,,,12,0,2,0,0,0,19,2,0,0,0,0,0,-4
J.Fowler,00-0032130,yes,TEN,FB,,,,,,,,,,,,,,,,,,,,,,,,,,,,,,,,,,,,,,,,,,1,1,1,1,0,0,1,1,1,0,0,0,0,1
D.Cobb,00-0032133,yes,TEN,,,,,,,,,,,,,,,,,,,,,,,,,,,,,,,,,,,,,,,,,,,,,,,,,,3,3,0,0,0,0,8
D.Walker,00-0024389,yes,TEN,TE,,,,,,,,,,,,,,,,,,,,,,,,,,,,,,,,,,,,,,,,,,36,0,6,0,0,0,91,,,,,,,
A.Fasano,00-0024268,yes,TEN,TE,,,,,,,,,,,,,,,,,,,,,,,,,,,,,,,,,,,,,,,,,,17,0,2,0,0,0,22,,,,,,,
C.Stevens,00-0026225,yes,TEN,,,,,,,,,,,,,,,,,,,,,,,,,,,,,,,,,,,,,,,,,,,20,20,1,1,0,0,20,,,,,,,
H.Douglas,00-0026224,yes,TEN,WR,,,,,,,,,,,,,,,,,,,,,,,,,,,,,,,,,,,,,5,5,0,1,0,13,13,3,1,0,0,29,,,,,,,
D.Green-Beckham,00-0032218,yes,TEN,WR,,,,,,,,,,,,,,,,,,,,,,,,,,,,,,,,,,,,,,,,,,22,0,1,0,1,1,22,,,,,,,
D.Stafford,00-0030491,yes,TEN,FS,1,0,0,0,2,0,0,0,1,0,,,,,,,,,,,,,,,,,,,,,,,,,,,,,,,,,,,,,,,,,,,,,
D.Jones,00-0031054,yes,TEN,DE,0,0,0,0,1,0,0,0,1,0,,,,,,,,,,,,,,,,,,,,,,,,,,,,,,,,,,,,,,,,,,,,,
R.Succop,00-0026968,yes,TEN,K,,,,,,,,,,,0,0,0,0,1,1,1,0,1,,,,,,,,,,,,,,,,,,,,,,,,,,,,,,,,,,,,
B.Kern,00-0025825,yes,TEN,P,,,,,,,,,,,,,,,,,,,,,,,,,,,,,,,,40,1,60,6,287,,,,,,,,,,,,,,,,,,,
T.McBride,00-0032123,yes,TEN,,,,,,,,,,,,,,,,,,,,,31,31,0,1,0,,,,,,,,,,,,,,,,,,,,,,,,,,,,,,,
B.Orakpo,00-0026989,yes,TEN,OLB,2,0,0,0,2,,,,,,,,,,,,,,,,,,,,,,,,,,,,,,,,,,,,,,,,,,,,,,,,,,
S.Hill,00-0027084,yes,TEN,,2,0,0,0,1,,,,,,,,,,,,,,,,,,,,,,,,,,,,,,,,,,,,,,,,,,,,,,,,,,
A.Blackson,00-0032107,yes,TEN,DE,0,0,0,0,1,,,,,,,,,,,,,,,,,,,,,,,,,,,,,,,,,,,,,,,,,,,,,,,,,,
A.Williamson,00-0031263,yes,TEN,ILB,4,0,0,1,7,,,,,,,,,,,,,,,,,,,,,,,,,,,,,,,,,,,,,,,,,,,,,,,,,,
Z.Brown,00-0029566,yes,TEN,LB,0,0,0,0,1,,,,,,,,,,,,,,,,,,,,,,,,,,,,,,,,,,,,,,,,,,,,,,,,,,
D.Searcy,00-0028038,yes,TEN,SS,2,0,0,0,3,,,,,,,,,,,,,,,,,,,,,,,,,,,,,,,,,,,,,,,,,,,,,,,,,,
P.Cox,00-0027737,yes,TEN,CB,1,0,0,0,4,,,,,,,,,,,,,,,,,,,,,,,,,,,,,,,,,,,,,,,,,,,,,,,,,,
D.Bass,00-0030517,yes,TEN,OLB,0,0,0,0,1,,,,,,,,,,,,,,,,,,,,,,,,,,,,,,,,,,,,,,,,,,,,,,,,,,
C.Sensabaugh,00-0029529,yes,TEN,DB,0,0,0,0,1,,,,,,,,,,,,,,,,,,,,,,,,,,,,,,,,,,,,,,,,,,,,,,,,,,
B.Wreh-Wilson,00-0030541,yes,TEN,,0,0,0,0,4,,,,,,,,,,,,,,,,,,,,,,,,,,,,,,,,,,,,,,,,,,,,,,,,,,
W.Woodyard,00-0025828,yes,TEN,ILB,4,0,0,0,1,,,,,,,,,,,,,,,,,,,,,,,,,,,,,,,,,,,,,,,,,,,,,,,,,,
J.Casey,00-0028015,yes,TEN,DE,5,0,0,0,1,,,,,,,,,,,,,,,,,,,,,,,,,,,,,,,,,,,,,,,,,,,,,,,,,,
M.Griffin,00-0025406,yes,TEN,DB,3,0,0,0,5,,,,,,,,,,,,,,,,,,,,,,,,,,,,,,,,,,,,,,,,,,,,,,,,,,
M.McGloin,00-0030419,no,OAK,QB,,,,,,,,,,,,,,,,,,,,,,,,,1,0,0,0,0,0,0,,,,,,,,,,,,,,,,,,,,,,,,
D.Carr,00-0031280,no,OAK,QB,,,,,,1,1,2,1,-4,,,,,,,,,,,,,,,37,24,0,3,0,0,330,,,,,,,,,,,,,,,,,,4,5,0,0,0,0,5
R.Helu,00-0028043,no,OAK,,,,,,,,,,,,,,,,,,,,,,,,,,,,,,,,,,,,,,,,,,,,,,,,,,2,2,0,0,0,0,3
J.Olawale,00-0029492,no,OAK,RB,,,,,,,,,,,,,,,,,,,,,,,,,,,,,,,,,,,,,,,,,,,,,,,,,2,10,0,0,0,0,17
L.Murray,00-0030513,no,OAK,RB,,,,,,,,,,,,,,,,,,,,,,,,,,,,,,,,,,,,,,,,,,23,0,1,0,0,0,23,22,8,0,0,0,0,59
A.Cooper,00-0031544,no,OAK,WR,,,,,,,,,,,,,,,,,,,,,,,,,,,,,,,,,,,,,,,,,,41,0,7,0,0,0,115,,,,,,,
M.Rivera,00-0030514,no,OAK,TE,,,,,,,,,,,,,,,,,,,,,,,,,,,,,,,,,,,,,,,,,,19,0,2,0,0,0,28,,,,,,,
S.Roberts,00-0031166,no,OAK,WR,,,,,,,,,,,,,,,,,,,,,,,,,,,,,,,,,,,,,,,,,,38,12,6,2,0,0,113,,,,,,,
L.Smith,00-0028097,no,OAK,TE,,,,,,,,,,,,,,,,,,,,,,,,,,,,,,,,,,,,,,,,,,2,0,1,0,0,0,2,,,,,,,
M.Crabtree,00-0026986,no,OAK,WR,,,,,,,,,,,,,,,,,,,,,,,,,,,,,,,,,,,,,,,,,,7,7,4,1,0,0,19,,,,,,,
A.Holmes,00-0028263,no,OAK,WR,,,,,,,,,,,,,,,,,,,,,,,,,,,,,,,,,,,,,,,,,,9,0,1,0,0,0,9,,,,,,,
M.Reece,00-0026393,no,OAK,FB,,,,,,,,,,,,,,,,,,,,,,,,,,,,,,,,,,,,,,,,,,7,0,1,0,0,0,7,,,,,,,
C.Walford,00-0032256,no,OAK,TE,,,,,,,,,,,,,,,,,,,,,,,,,,,,,,,,,,,,,,,,,,14,0,1,0,0,0,14,,,,,,,
J.Ross,00-0028249,no,OAK,,,,,,,1,0,1,0,0,,,,,,,,,,22,25,0,4,0,,,,,,,,,,,,,12,20,0,4,0,,,,,,,,,,,,,,
S.Janikowski,00-0019646,no,OAK,K,,,,,,,,,,,1,1,24,3,3,0,3,0,3,,,,,,,,,,,,,,,,,,,,,,,,,,,,,,,,,,,,
M.King,00-0029123,no,OAK,P,,,,,,,,,,,,,,,,,,,,,,,,,,,,,,,,41,3,59,4,169,,,,,,,,,,,,,,,,,,,
T.Carrie,00-0031269,no,OAK,SS,0,0,0,0,3,,,,,,,,,,,,,,,,,,,,,,,,,,,,,,,,,,,,,,,,,,,,,,,,,,
S.McGee,00-0030515,no,OAK,DT,1,0,0,0,1,,,,,,,,,,,,,,,,,,,,,,,,,,,,,,,,,,,,,,,,,,,,,,,,,,
D.Amerson,00-0030420,no,OAK,CB,0,0,1,0,2,,,,,,,,,,,,,,,,,,,,,,,,,,,,,,,,,,,,,,,,,,,,,,,,,,
C.Woodson,00-0018227,no,OAK,,1,0,0,0,2,,,,,,,,,,,,,,,,,,,,,,,,,,,,,,,,,,,,,,,,,,,,,,,,,,
D.Autry,00-0031254,no,OAK,DE,1,0,0,0,0,,,,,,,,,,,,,,,,,,,,,,,,,,,,,,,,,,,,,,,,,,,,,,,,,,
J.Ellis,00-0031346,no,OAK,DT,2,0,0,0,1,,,,,,,,,,,,,,,,,,,,,,,,,,,,,,,,,,,,,,,,,,,,,,,,,,
M.Edwards,00-0032265,no,OAK,DE,1,0,0,0,2,,,,,,,,,,,,,,,,,,,,,,,,,,,,,,,,,,,,,,,,,,,,,,,,,,
M.Smith,00-0028180,no,OAK,OLB,2,0,0,0,8,,,,,,,,,,,,,,,,,,,,,,,,,,,,,,,,,,,,,,,,,,,,,,,,,,
N.Allen,00-0027652,no,OAK,SS,0,0,1,0,0,,,,,,,,,,,,,,,,,,,,,,,,,,,,,,,,,,,,,,,,,,,,,,,,,,
D.Williams,00-0027877,no,OAK,DT,0,0,0,0,2,,,,,,,,,,,,,,,,,,,,,,,,,,,,,,,,,,,,,,,,,,,,,,,,,,
K.Mack,00-0031040,no,OAK,DE,3,0,0,2,3,,,,,,,,,,,,,,,,,,,,,,,,,,,,,,,,,,,,,,,,,,,,,,,,,,
C.Lofton,00-0026177,no,OAK,,1,0,0,0,1,,,,,,,,,,,,,,,,,,,,,,,,,,,,,,,,,,,,,,,,,,,,,,,,,,
B.Heeney,00-0032201,no,OAK,OLB,0,0,0,0,1,,,,,,,,,,,,,,,,,,,,,,,,,,,,,,,,,,,,,,,,,,,,,,,,,,
T.Mays,00-0027887,no,OAK,,0,0,0,0,2,,,,,,,,,,,,,,,,,,,,,,,,,,,,,,,,,,,,,,,,,,,,,,,,,,
A.Smith,00-0023436,yes,KC,QB,,,,,,,,,,,,,,,,,,,,,,,,,30,19,0,2,0,0,255,,,,,,,,,,,,,,,,,,6,11,0,0,0,0,35
A.Wilson,00-0030669,yes,KC,WR,,,,,,,,,,,,,,,,,,,,,,,,,,,,,,,,,,,,,,,,,,16,0,3,0,0,0,25,1,8,0,0,0,0,8
K.Davis,00-0030280,yes,KC,RB,,,,,,,,,,,,,,,,,,,,26,36,0,4,0,,,,,,,,,,,,,,,,,,,,,,,,,1,1,0,0,0,0,1
S.Ware,00-0030414,yes,KC,RB,,,,,,,,,,,,,,,,,,,,,,,,,,,,,,,,,,,,,,,,,,2,0,3,0,0,0,1,19,35,3,1,0,0,114
J.Maclin,00-0026995,yes,KC,WR,,,,,,,,,,,,,,,,,,,,,,,,,,,,,,,,,,,,,,,,,,41,41,9,1,0,0,160,,,,,,,
T.Kelce,00-0030506,yes,KC,TE,,,,,,,,,,,,,,,,,,,,,,,,,,,,,,,,,,,,,,,,,,38,15,4,1,0,0,69,,,,,,,
J.Howard,00-0029277,yes,KC,DE,0,0,0,0,2,0,0,0,1,0,,,,,,,,,,,,,,,,,,,,,,,,,,,,,,,,,,,,,,,,,,,,,
D.Poe,00-0029688,yes,KC,NT,0,1,0,0,2,0,0,0,1,0,,,,,,,,,,,,,,,,,,,,,,,,,,,,,,,,,,,,,,,,,,,,,
C.Santos,00-0031203,yes,KC,K,,,,,,,,,,,4,3,49,9,3,0,3,0,3,,,,,,,,,,,,,,,,,,,,,,,,,,,,,,,,,,,,
D.Colquitt,00-0023534,yes,KC,P,,,,,,,,,,,,,,,,,,,,,,,,,,,,,,,,37,0,41,3,117,,,,,,,,,,,,,,,,,,,
S.Smith,00-0027037,yes,KC,DB,0,0,0,0,3,,,,,,,,,,,,,,,,,,,,,,,,,,,,,,,,,,,,,,,,,,,,,,,,,,
J.Mauga,00-0027170,yes,KC,ILB,0,0,0,0,9,,,,,,,,,,,,,,,,,,,,,,,,,,,,,,,,,,,,,,,,,,,,,,,,,,
T.Hali,00-0024235,yes,KC,OLB,1,1,0,1,3,,,,,,,,,,,,,,,,,,,,,,,,,,,,,,,,,,,,,,,,,,,,,,,,,,
D.Moses,00-0029130,yes,KC,LB,0,0,0,0,1,,,,,,,,,,,,,,,,,,,,,,,,,,,,,,,,,,,,,,,,,,,,,,,,,,
M.Peters,00-0032165,yes,KC,CB,0,0,0,0,2,,,,,,,,,,,,,,,,,,,,,,,,,,,,,,,,,,,,,,,,,,,,,,,,,,
F.Zombo,00-0027442,yes,KC,OLB,1,0,0,0,3,,,,,,,,,,,,,,,,,,,,,,,,,,,,,,,,,,,,,,,,,,,,,,,,,,
H.Abdullah,00-0025940,yes,KC,,0,0,0,0,1,,,,,,,,,,,,,,,,,,,,,,,,,,,,,,,,,,,,,,,,,,,,,,,,,,
R.Parker,00-0028445,yes,KC,SS,0,0,0,0,5,,,,,,,,,,,,,,,,,,,,,,,,,,,,,,,,,,,,,,,,,,,,,,,,,,
E.Berry,00-0027858,yes,KC,FS,0,0,0,0,5,,,,,,,,,,,,,,,,,,,,,,,,,,,,,,,,,,,,,,,,,,,,,,,,,,
D.Johnson,00-0023449,yes,KC,ILB,2,0,0,0,7,,,,,,,,,,,,,,,,,,,,,,,,,,,,,,,,,,,,,,,,,,,,,,,,,,
T.Branch,00-0026240,yes,KC,DB,0,0,0,0,1,,,,,,,,,,,,,,,,,,,,,,,,,,,,,,,,,,,,,,,,,,,,,,,,,,
T.Taylor,00-0028118,no,BUF,QB,,,,,,1,1,2,1,0,,,,,,,,,,,,,,,38,21,0,3,1,0,291,,,,,,,,,,,,,,,,,,5,15,0,0,0,0,46
Ka.Williams,00-0032152,no,BUF,,,,,,,,,,,,,,,,,,,,,,,,,,,,,,,,,,,,,,,,,,,,,,,,,,2,3,0,0,0,0,5
L.McCoy,00-0027029,no,BUF,RB,,,,,,1,0,1,0,0,,,,,,,,,,,,,,,,,,,,,,,,,,,,,,,,17,10,3,1,0,0,31,19,12,0,0,0,0,70
A.Dixon,00-0027772,no,BUF,,,,,,,,,,,,,,,,,,,,,,,,,,,,,,,,,,,,,,,,,,,,,,,,,,2,6,0,0,0,0,8
C.Hogan,00-0028237,no,BUF,WR,,,,,,,,,,,,,,,,,,,,,,,,,,,,,,,,,,,,,,,,,,13,0,3,0,0,0,34,,,,,,,
C.Clay,00-0028112,no,BUF,TE,,,,,,,,,,,,,,,,,,,,,,,,,,,,,,,,,,,,,,,,,,15,0,5,0,0,0,31,,,,,,,
J.Felton,00-0026286,no,BUF,,,,,,,,,,,,,,,,,,,,,,,,,,,,,,,,,,,,,,,,,,,12,0,1,0,0,0,12,,,,,,,
R.Woods,00-0030431,no,BUF,WR,,,,,,,,,,,,,,,,,,,,,,,,,,,,,,,,,,,,,,,,,,12,0,3,0,0,0,25,,,,,,,
S.Watkins,00-0031325,no,BUF,WR,,,,,,,,,,,,,,,,,,,,,,,,,,,,,,,,,,,,,,,,,,48,28,6,2,0,0,158,,,,,,,
D.Carpenter,00-0026003,no,BUF,K,,,,,,,,,,,1,1,27,3,2,0,1,1,1,,,,,,,,,,,,,,,,,,,,,,,,,,,,,,,,,,,,
C.Schmidt,00-0030551,no,BUF,P,,,,,,,,,,,,,,,,,,,,,,,,,,,,,,,,33,1,44,3,119,,,,,,,,,,,,,,,,,,,
M.Thigpen,00-0026577,no,BUF,,,,,,,,,,,,,,,,,,,,,23,31,0,7,0,,,,,,,,,,,,,5,5,0,1,0,,,,,,,,,,,,,,
L.McKelvin,00-0026151,no,BUF,DB,0,0,0,0,2,,,,,,,,,,,,,,,,,,,,,,,,,,,,,,,,,,,,,,,,,,,,,,,,,,
N.Robey,00-0030041,no,BUF,DB,0,0,0,0,2,,,,,,,,,,,,,,,,,,,,,,,,,,,,,,,,,,,,,,,,,,,,,,,,,,
B.Rambo,00-0030289,no,BUF,,0,0,0,0,3,,,,,,,,,,,,,,,,,,,,,,,,,,,,,,,,,,,,,,,,,,,,,,,,,,
A.Tarpley,00-0031642,no,BUF,,0,0,0,1,1,,,,,,,,,,,,,,,,,,,,,,,,,,,,,,,,,,,,,,,,,,,,,,,,,,
C.Graham,00-0025555,no,BUF,FS,1,0,0,0,4,,,,,,,,,,,,,,,,,,,,,,,,,,,,,,,,,,,,,,,,,,,,,,,,,,
P.Brown,00-0031171,no,BUF,MLB,0,0,0,0,5,,,,,,,,,,,,,,,,,,,,,,,,,,,,,,,,,,,,,,,,,,,,,,,,,,
M.Lawson,00-0024237,no,BUF,,0,0,0,0,2,,,,,,,,,,,,,,,,,,,,,,,,,,,,,,,,,,,,,,,,,,,,,,,,,,
S.Gilmore,00-0029542,no,BUF,CB,0,0,0,0,5,,,,,,,,,,,,,,,,,,,,,,,,,,,,,,,,,,,,,,,,,,,,,,,,,,
N.Bradham,00-0029272,no,BUF,LB,0,0,0,0,4,,,,,,,,,,,,,,,,,,,,,,,,,,,,,,,,,,,,,,,,,,,,,,,,,,
M.Dareus,00-0027941,no,BUF,DT,0,0,0,0,6,,,,,,,,,,,,,,,,,,,,,,,,,,,,,,,,,,,,,,,,,,,,,,,,,,
J.Hughes,00-0027881,no,BUF,DE,0,0,0,0,2,,,,,,,,,,,,,,,,,,,,,,,,,,,,,,,,,,,,,,,,,,,,,,,,,,
I.Enemkpali,00-0031024,no,BUF,DE,0,0,0,0,2,,,,,,,,,,,,,,,,,,,,,,,,,,,,,,,,,,,,,,,,,,,,,,,,,,
M.Butler,00-0028662,no,BUF,,0,0,0,0,1,,,,,,,,,,,,,,,,,,,,,,,,,,,,,,,,,,,,,,,,,,,,,,,,,,
R.Darby,00-0032195,no,BUF,CB,1,0,0,0,3,,,,,,,,,,,,,,,,,,,,,,,,,,,,,,,,,,,,,,,,,,,,,,,,,,
B.Gabbert,00-0027948,yes,SF,QB,,,,,,,,,,,,,,,,,,,,,,,,,36,25,1,1,0,0,318,,,,,,,,,,,,,,,,,,1,11,0,0,0,0,11
Q.Patton,00-0030450,yes,SF,WR,,,,,,,,,,,,,,,,,,,,18,18,0,1,0,,,,,,,,,,,,,,,,,,1,0,1,0,0,0,1,1,5,0,0,0,0,5
S.Draughn,00-0028202,yes,SF,RB,,,,,,,,,,,,,,,,,,,,,,,,,,,,,,,,,,,,,,,,,,12,0,5,0,0,0,35,15,19,0,0,0,0,51
A.Boldin,00-0022084,yes,SF,WR,,,,,,,,,,,,,,,,,,,,,,,,,,,,,,,,,,,,,,,,,,18,0,8,0,0,0,93,,,,,,,
V.McDonald,00-0030470,yes,SF,TE,,,,,,0,0,1,0,0,,,,,,,,,,,,,,,,,,,,,,,,,,,,,,,,20,8,6,1,0,0,71,,,,,,,
B.Bell,00-0032062,yes,SF,TE,,,,,,,,,,,,,,,,,,,,,,,,,,,,,,,,,,,,,,,,,,48,0,3,0,0,0,67,,,,,,,
T.Smith,00-0027996,yes,SF,WR,,,,,,,,,,,,,,,,,,,,,,,,,,,,,,,,,,,,,,,,,,41,0,2,0,0,0,51,,,,,,,
B.Ellington,00-0031326,yes,SF,WR,,,,,,1,0,1,0,0,,,,,,,,,,22,26,0,3,0,,,,,,,,,,,,,0,0,0,1,0,,,,,,,,,,,,,,
P.Dawson,00-0004091,yes,SF,K,,,,,,,,,,,2,2,53,6,1,0,1,0,1,,,,,,,,,,,,,,,,,,,,,,,,,,,,,,,,,,,,
B.Pinion,00-0032065,yes,SF,P,,,,,,,,,,,,,,,,,,,,,,,,,,,,,,,,38,2,46,4,166,,,,,,,,,,,,,,,,,,,
G.Hodges,00-0030385,yes,SF,ILB,0,0,0,0,1,,,,,,,,,,,,,,,,,,,,,,,,,,,,,,,,,,,,,,,,,,,,,,,,,,
T.Brock,00-0027375,yes,SF,CB,1,0,0,0,5,,,,,,,,,,,,,,,,,,,,,,,,,,,,,,,,,,,,,,,,,,,,,,,,,,
D.Johnson,00-0031061,yes,SF,CB,0,0,0,0,2,,,,,,,,,,,,,,,,,,,,,,,,,,,,,,,,,,,,,,,,,,,,,,,,,,
M.Purcell,00-0029890,yes,SF,NT,1,0,0,1,2,,,,,,,,,,,,,,,,,,,,,,,,,,,,,,,,,,,,,,,,,,,,,,,,,,
M.Wilhoite,00-0028836,yes,SF,ILB,0,0,0,0,4,,,,,,,,,,,,,,,,,,,,,,,,,,,,,,,,,,,,,,,,,,,,,,,,,,
K.Acker,00-0031186,yes,SF,CB,1,0,0,0,7,,,,,,,,,,,,,,,,,,,,,,,,,,,,,,,,,,,,,,,,,,,,,,,,,,
C.Lemonier,00-0030518,yes,SF,LB,0,0,0,0,1,,,,,,,,,,,,,,,,,,,,,,,,,,,,,,,,,,,,,,,,,,,,,,,,,,
I.Williams,00-0028241,yes,SF,,1,0,0,0,4,,,,,,,,,,,,,,,,,,,,,,,,,,,,,,,,,,,,,,,,,,,,,,,,,,
J.Ward,00-0031298,yes,SF,SS,0,0,0,0,3,,,,,,,,,,,,,,,,,,,,,,,,,,,,,,,,,,,,,,,,,,,,,,,,,,
J.Tartt,00-0032057,yes,SF,SS,1,0,0,0,5,,,,,,,,,,,,,,,,,,,,,,,,,,,,,,,,,,,,,,,,,,,,,,,,,,
E.Harold,00-0032060,yes,SF,OLB,1,0,0,0,0,,,,,,,,,,,,,,,,,,,,,,,,,,,,,,,,,,,,,,,,,,,,,,,,,,
T.Jerod-Eddie,00-0029165,yes,SF,DE,0,0,0,0,1,,,,,,,,,,,,,,,,,,,,,,,,,,,,,,,,,,,,,,,,,,,,,,,,,,
A.Lynch,00-0030993,yes,SF,OLB,1,0,0,0,2,,,,,,,,,,,,,,,,,,,,,,,,,,,,,,,,,,,,,,,,,,,,,,,,,,
Q.Dial,00-0030088,yes,SF,DE,0,0,0,0,1,,,,,,,,,,,,,,,,,,,,,,,,,,,,,,,,,,,,,,,,,,,,,,,,,,
N.Bowman,00-0027894,yes,SF,ILB,1,0,0,0,7,,,,,,,,,,,,,,,,,,,,,,,,,,,,,,,,,,,,,,,,,,,,,,,,,,
E.Reid,00-0030548,yes,SF,FS,1,0,0,0,3,,,,,,,,,,,,,,,,,,,,,,,,,,,,,,,,,,,,,,,,,,,,,,,,,,
C.Palmer,00-0021429,no,ARI,QB,,,,,,,,,,,,,,,,,,,,,,,,,40,24,0,0,0,0,271,,,,,,,,,,,,,,,,,,3,8,8,1,0,0,6
S.Taylor,00-0030282,no,ARI,RB,,,,,,,,,,,,,,,,,,,,,,,,,,,,,,,,,,,,,,,,,,,,,,,,,1,2,0,0,0,0,2
A.Ellington,00-0030287,no,ARI,RB,,,,,,,,,,,,,,,,,,,,,,,,,,,,,,,,,,,,,,,,,,9,0,3,0,0,0,22,5,13,0,0,0,0,24
C.Johnson,00-0026164,no,ARI,RB,,,,,,,,,,,,,,,,,,,,,,,,,,,,,,,,,,,,,,,,,,,,,,,,,12,6,0,0,0,0,17
D.Johnson,00-0032187,no,ARI,RB,,,,,,,,,,,,,,,,,,,,23,24,0,2,0,,,,,,,,,,,,,,,,,,6,0,2,0,0,0,8,8,10,1,1,0,0,21
J.Nelson,00-0032112,no,ARI,WR,,,,,,,,,,,,,,,,,,,,,,,,,,,,,,,,,,,,,,,,,,34,0,2,0,0,0,53,,,,,,,
Jo.Brown,00-0031051,no,ARI,WR,,,,,,,,,,,,,,,,,,,,,,,,,,,,,,,,,,,,,,,,,,48,0,5,0,0,0,99,,,,,,,
J.Gresham,00-0027873,no,ARI,TE,,,,,,,,,,,,,,,,,,,,,,,,,,,,,,,,,,,,,,,,,,9,0,1,0,0,0,9,,,,,,,
M.Floyd,00-0029638,no,ARI,WR,,,,,,,,,,,,,,,,,,,,,,,,,,,,,,,,,,,,,,,,,,14,0,1,0,0,0,14,,,,,,,
L.Fitzgerald,00-0022921,no,ARI,WR,,,,,,,,,,,,,,,,,,,,,,,,,,,,,,,,,,,,,,,,,,11,0,10,0,0,0,66,,,,,,,
A.Fua,00-0031702,no,ARI,OLB,,,,,,0,0,0,1,0,,,,,,,,,,,,,,,,,,,,,,,,,,,,,,,,,,,,,,,,,,,,,
C.Catanzaro,00-0030896,no,ARI,K,,,,,,,,,,,2,2,41,6,2,0,1,1,1,,,,,,,,,,,,,,,,,,,,,,,,,,,,,,,,,,,,
D.Butler,00-0028952,no,ARI,P,,,,,,,,,,,,,,,,,,,,,,,,,,,,,,,,36,0,58,4,183,,,,,,,,,,,,,,,,,,,
P.Peterson,00-0027943,no,ARI,CB,,,,,,,,,,,,,,,,,,,,,,,,,,,,,,,,,,,,,15,15,0,1,0,,,,,,,,,,,,,,
J.Bethel,00-0029530,no,ARI,CB,0,0,0,0,2,,,,,,,,,,,,,,,,,,,,,,,,,,,,,,,,,,,,,,,,,,,,,,,,,,
X.Williams,00-0031713,no,ARI,DT,0,0,0,0,1,,,,,,,,,,,,,,,,,,,,,,,,,,,,,,,,,,,,,,,,,,,,,,,,,,
R.Bryant,00-0026261,no,ARI,,1,0,0,0,1,,,,,,,,,,,,,,,,,,,,,,,,,,,,,,,,,,,,,,,,,,,,,,,,,,
C.Campbell,00-0026190,no,ARI,DE,1,0,0,0,2,,,,,,,,,,,,,,,,,,,,,,,,,,,,,,,,,,,,,,,,,,,,,,,,,,
K.Minter,00-0030382,no,ARI,MLB,2,0,0,0.5,5,,,,,,,,,,,,,,,,,,,,,,,,,,,,,,,,,,,,,,,,,,,,,,,,,,
M.Golden,00-0032127,no,ARI,OLB,1,0,0,0.5,1,,,,,,,,,,,,,,,,,,,,,,,,,,,,,,,,,,,,,,,,,,,,,,,,,,
D.Bucannon,00-0031366,no,ARI,OLB,1,0,0,0,4,,,,,,,,,,,,,,,,,,,,,,,,,,,,,,,,,,,,,,,,,,,,,,,,,,
T.Jefferson,00-0030294,no,ARI,SS,1,1,0,1,4,,,,,,,,,,,,,,,,,,,,,,,,,,,,,,,,,,,,,,,,,,,,,,,,,,
T.Mathieu,00-0030459,no,ARI,FS,2,0,1,0,11,,,,,,,,,,,,,,,,,,,,,,,,,,,,,,,,,,,,,,,,,,,,,,,,,,
S.Weatherspoon,00-0027871,no,ARI,LB,0,0,0,0,2,,,,,,,,,,,,,,,,,,,,,,,,,,,,,,,,,,,,,,,,,,,,,,,,,,
J.Powers,00-0027064,no,ARI,DB,0,0,0,0,2,,,,,,,,,,,,,,,,,,,,,,,,,,,,,,,,,,,,,,,,,,,,,,,,,,
R.Johnson,00-0027067,no,ARI,DB,1,0,0,0,4,,,,,,,,,,,,,,,,,,,,,,,,,,,,,,,,,,,,,,,,,,,,,,,,,,
R.Wilson,00-0029263,yes,SEA,QB,,,,,,0,0,1,0,-3,,,,,,,,,,,,,,,30,21,0,5,1,0,345,,,,,,,,,,,,,,,,,,4,10,0,0,0,0,14
T.Rawls,00-0031897,yes,SEA,RB,,,,,,0,1,0,1,0,,,,,,,,,,,,,,,,,,,,,,,,,,,,,,,,,,,,,,,21,17,1,1,1,0,81
D.Coleman,00-0029068,yes,SEA,,,,,,,,,,,,,,,,,,,,,,,,,,,,,,,,,,,,,,,,,,,,,,,,,,1,1,0,0,0,0,1
F.Jackson,00-0024204,yes,SEA,,,,,,,,,,,,,,,,,,,,,,,,,,,,,,,,,,,,,,,,,,,8,0,2,0,0,0,7,1,4,0,0,0,0,4
D.Baldwin,00-0028434,yes,SEA,WR,,,,,,,,,,,,,,,,,,,,,,,,,,,,,,,,,,,,,,,,,,80,80,6,3,0,0,145,,,,,,,
L.Willson,00-0030089,yes,SEA,TE,,,,,,,,,,,,,,,,,,,,,,,,,,,,,,,,,,,,,,,,,,12,0,1,0,0,0,12,,,,,,,
J.Kearse,00-0029159,yes,SEA,WR,,,,,,0,0,1,0,0,,,,,,,,,,,,,,,,,,,,,,,,,,,,,,,,22,12,4,2,0,0,47,,,,,,,
K.Smith,00-0031320,yes,SEA,,,,,,,,,,,,,,,,,,,,,,,,,,,,,,,,,,,,,,,,,,,21,0,1,0,1,0,21,,,,,,,
T.Lockett,00-0032211,yes,SEA,WR,,,,,,,,,,,,,,,,,,,,29,54,0,5,0,,,,,,,,,,,,,,,,,,16,0,3,0,0,0,38,,,,,,,
J.Graham,00-0027696,yes,SEA,TE,,,,,,,,,,,,,,,,,,,,,,,,,,,,,,,,,,,,,,,,,,36,0,4,0,0,0,75,,,,,,,
S.Hauschka,00-0025944,yes,SEA,K,,,,,,,,,,,0,0,0,0,3,1,3,0,3,,,,,,,,,,,,,,,,,,,,,,,,,,,,,,,,,,,,
J.Ryan,00-0023742,yes,SEA,P,,,,,,,,,,,,,,,,,,,,,,,,,,,,,,,,36,3,63,6,255,,,,,,,,,,,,,,,,,,,
C.Marsh,00-0031175,yes,SEA,DE,1,0,0,0,0,,,,,,,,,,,,,,,,,,,,,,,,,,,,,,,,,,,,,,,,,,,,,,,,,,
K.Wright,00-0028037,yes,SEA,OLB,2,0,0,0,4,,,,,,,,,,,,,,,,,,,,,,,,,,,,,,,,,,,,,,,,,,,,,,,,,,
R.Sherman,00-0028092,yes,SEA,CB,3,0,1,0,2,,,,,,,,,,,,,,,,,,,,,,,,,,,,,,,,,,,,,,,,,,,,,,,,,,
B.Mebane,00-0025472,yes,SEA,DT,2,0,0,0,0,,,,,,,,,,,,,,,,,,,,,,,,,,,,,,,,,,,,,,,,,,,,,,,,,,
C.Avril,00-0026232,yes,SEA,DE,0,0,0,1,2,,,,,,,,,,,,,,,,,,,,,,,,,,,,,,,,,,,,,,,,,,,,,,,,,,
K.Chancellor,00-0027733,yes,SEA,SS,3,0,1,0,2,,,,,,,,,,,,,,,,,,,,,,,,,,,,,,,,,,,,,,,,,,,,,,,,,,
A.Rubin,00-0026330,yes,SEA,DT,1,0,1,0,0,,,,,,,,,,,,,,,,,,,,,,,,,,,,,,,,,,,,,,,,,,,,,,,,,,
M.Burley,00-0029942,yes,SEA,DB,0,0,0,0,2,,,,,,,,,,,,,,,,,,,,,,,,,,,,,,,,,,,,,,,,,,,,,,,,,,
B.Irvin,00-0029193,yes,SEA,LB,2,0,0,0,0,,,,,,,,,,,,,,,,,,,,,,,,,,,,,,,,,,,,,,,,,,,,,,,,,,
D.Shead,00-0029191,yes,SEA,CB,2,0,0,0,8,,,,,,,,,,,,,,,,,,,,,,,,,,,,,,,,,,,,,,,,,,,,,,,,,,
M.Morgan,00-0028443,yes,SEA,OLB,2,0,0,0,2,,,,,,,,,,,,,,,,,,,,,,,,,,,,,,,,,,,,,,,,,,,,,,,,,,
E.Thomas,00-0027866,yes,SEA,FS,0,0,0,0,6,,,,,,,,,,,,,,,,,,,,,,,,,,,,,,,,,,,,,,,,,,,,,,,,,,
B.Wagner,00-0029255,yes,SEA,MLB,5,1,0,0,7,,,,,,,,,,,,,,,,,,,,,,,,,,,,,,,,,,,,,,,,,,,,,,,,,,
F.Clark,00-0032210,yes,SEA,DE,0,0,0,1,1,,,,,,,,,,,,,,,,,,,,,,,,,,,,,,,,,,,,,,,,,,,,,,,,,,
M.Bennett,00-0026618,yes,SEA,DE,2,0,0,0,0,,,,,,,,,,,,,,,,,,,,,,,,,,,,,,,,,,,,,,,,,,,,,,,,,,
J.Lane,00-0029295,yes,SEA,CB,1,0,1,0,1,,,,,,,,,,,,,,,,,,,,,,,,,,,,,,,,,,,,,,,,,,,,,,,,,,
L.Jones,00-0030524,no,PIT,QB,,,,,,,,,,,,,,,,,,,,,,,,,4,1,2,0,0,0,34,,,,,,,,,,,,,,,,,,,,,,,,
B.Roethlisberger,00-0022924,no,PIT,QB,,,,,,0,1,1,1,0,,,,,,,,,,,,,,,55,36,2,1,2,1,456,,,,,,,,,,,,,,,,,,5,8,0,0,0,0,18
M.Bryant,00-0031373,no,PIT,WR,,,,,,,,,,,,,,,,,,,,,,,,,,,,,,,,,,,,,,,,,,40,0,5,0,0,0,69,1,11,11,1,0,0,11
De.Williams,00-0024242,no,PIT,RB,,,,,,,,,,,,,,,,,,,,,,,,,,,,,,,,,,,,,,,,,,34,0,7,0,0,0,88,8,7,6,1,0,0,29
J.James,00-0032135,no,PIT,TE,,,,,,,,,,,,,,,,,,,,,,,,,,,,,,,,,,,,,,,,,,8,0,1,0,1,1,8,,,,,,,
R.Nix,00-0030741,no,PIT,FB,,,,,,,,,,,,,,,,,,,,,,,,,,,,,,,,,,,,,,,,,,6,0,1,0,0,0,6,,,,,,,
W.Johnson,00-0028841,no,PIT,RB,,,,,,,,,,,,,,,,,,,,,,,,,,,,,,,,,,,,,,,,,,11,0,2,0,0,0,16,,,,,,,
M.Spaeth,00-0025464,no,PIT,,,,,,,,,,,,,,,,,,,,,,,,,,,,,,,,,,,,,,,,,,,6,0,1,0,0,0,6,,,,,,,
M.Wheaton,00-0030460,no,PIT,WR,,,,,,,,,,,,,,,,,,,,,,,,,,,,,,,,,,,,,,,,,,69,69,9,1,0,0,201,,,,,,,
H.Miller,00-0023465,no,PIT,,,,,,,,,,,,,,,,,,,,,,,,,,,,,,,,,,,,,,,,,,,17,0,5,0,0,0,45,,,,,,,
A.Brown,00-0027793,no,PIT,WR,,,,,,,,,,,,,,,,,,,,,,,,,,,,,,,,,,,,,,,,,,15,0,6,0,1,0,51,,,,,,,
C.Boswell,00-0031136,no,PIT,K,,,,,,,,,,,3,3,44,9,1,0,1,0,1,,,,,,,,,,,,,,,,,,,,,,,,,,,,,,,,,,,,
J.Berry,00-0031502,no,PIT,P,,,,,,,,,,,,,,,,,,,,,,,,,,,,,,,,40,1,43,2,79,,,,,,,,,,,,,,,,,,,
Jac.Jones,00-0025460,no,PIT,,,,,,,,,,,,,,,,,,,,,29,36,0,4,0,,,,,,,,,,,,,8,14,0,2,0,,,,,,,,,,,,,,
S.Spence,00-0029594,no,PIT,LB,0,0,0,0,2,,,,,,,,,,,,,,,,,,,,,,,,,,,,,,,,,,,,,,,,,,,,,,,,,,
A.Blake,00-0029050,no,PIT,DB,1,0,0,0,2,,,,,,,,,,,,,,,,,,,,,,,,,,,,,,,,,,,,,,,,,,,,,,,,,,
R.Cockrell,00-0031016,no,PIT,DB,1,1,0,0,3,,,,,,,,,,,,,,,,,,,,,,,,,,,,,,,,,,,,,,,,,,,,,,,,,,
W.Gay,00-0025557,no,PIT,CB,2,0,0,1,1,,,,,,,,,,,,,,,,,,,,,,,,,,,,,,,,,,,,,,,,,,,,,,,,,,
B.Dupree,00-0032146,no,PIT,OLB,0,0,0,0,1,,,,,,,,,,,,,,,,,,,,,,,,,,,,,,,,,,,,,,,,,,,,,,,,,,
M.Mitchell,00-0027023,no,PIT,FS,2,0,0,0,6,,,,,,,,,,,,,,,,,,,,,,,,,,,,,,,,,,,,,,,,,,,,,,,,,,
Jar.Jones,00-0030499,no,PIT,OLB,1,0,0,0,0,,,,,,,,,,,,,,,,,,,,,,,,,,,,,,,,,,,,,,,,,,,,,,,,,,
S.Tuitt,00-0031412,no,PIT,DE,2,0,0,0,2,,,,,,,,,,,,,,,,,,,,,,,,,,,,,,,,,,,,,,,,,,,,,,,,,,
S.McLendon,00-0026564,no,PIT,DT,1,0,0,0,1,,,,,,,,,,,,,,,,,,,,,,,,,,,,,,,,,,,,,,,,,,,,,,,,,,
C.Heyward,00-0027969,no,PIT,DE,2,0,0,1,1,,,,,,,,,,,,,,,,,,,,,,,,,,,,,,,,,,,,,,,,,,,,,,,,,,
R.Shazier,00-0031365,no,PIT,ILB,1,0,0,0,0,,,,,,,,,,,,,,,,,,,,,,,,,,,,,,,,,,,,,,,,,,,,,,,,,,
L.Timmons,00-0025402,no,PIT,ILB,1,0,0,0,6,,,,,,,,,,,,,,,,,,,,,,,,,,,,,,,,,,,,,,,,,,,,,,,,,,
A.Moats,00-0027777,no,PIT,OLB,2,0,0,0,2,,,,,,,,,,,,,,,,,,,,,,,,,,,,,,,,,,,,,,,,,,,,,,,,,,
W.Allen,00-0022900,no,PIT,,3,0,0,0,1,,,,,,,,,,,,,,,,,,,,,,,,,,,,,,,,,,,,,,,,,,,,,,,,,,
V.Williams,00-0030434,no,PIT,ILB,1,0,0,0,5,,,,,,,,,,,,,,,,,,,,,,,,,,,,,,,,,,,,,,,,,,,,,,,,,,
B.Osweiler,00-0029682,yes,DEN,QB,,,,,,,,,,,,,,,,,,,,,,,,,42,23,1,1,0,0,270,,,,,,,,,,,,,,,,,,2,3,0,0,0,0,4
J.Thompson,00-0030705,yes,DEN,,,,,,,,,,,,,,,,,,,,,,,,,,,,,,,,,,,,,,,,,,,,,,,,,,1,3,0,0,0,0,3
R.Hillman,00-0029683,yes,DEN,,,,,,,0,0,1,0,0,,,,,,,,,,,,,,,,,,,,,,,,,,,,,,,,0,0,1,0,0,0,0,14,19,19,1,0,0,59
C.Anderson,00-0029854,yes,DEN,RB,,,,,,,,,,,,,,,,,,,,,,,,,,,,,,,,,,,,,,,,,,20,0,4,0,0,0,40,15,48,48,2,0,0,113
E.Sanders,00-0027685,yes,DEN,WR,,,,,,,,,,,,,,,,,,,,,,,,,,,,,,,,,,,,,8,14,0,2,0,39,0,6,0,0,0,113,,,,,,,
V.Davis,00-0024221,yes,DEN,TE,,,,,,,,,,,,,,,,,,,,,,,,,,,,,,,,,,,,,,,,,,6,0,2,0,0,0,10,,,,,,,
A.Caldwell,00-0026237,yes,DEN,,,,,,,,,,,,,,,,,,,,,,,,,,,,,,,,,,,,,,,,,,,4,4,2,1,0,0,8,,,,,,,
C.Latimer,00-0031344,yes,DEN,WR,,,,,,,,,,,,,,,,,,,,,,,,,,,,,,,,,,,,,,,,,,7,0,1,0,0,0,7,,,,,,,
D.Thomas,00-0027874,yes,DEN,WR,,,,,,,,,,,,,,,,,,,,,,,,,,,,,,,,,,,,,,,,,,36,0,1,0,0,0,36,,,,,,,
O.Daniels,00-0024313,yes,DEN,,,,,,,,,,,,,,,,,,,,,,,,,,,,,,,,,,,,,,,,,,,12,0,5,0,0,0,48,,,,,,,
B.Fowler,00-0030670,yes,DEN,WR,,,,,,,,,,,,,,,,,,,,,,,,,,,,,,,,,,,,,,,,,,8,0,1,0,0,0,8,,,,,,,
O.Bolden,00-0029563,yes,DEN,,0,0,0,0,1,0,1,1,1,0,,,,,,,,,,23,27,0,2,0,,,,,,,,,,,,,4,8,0,2,0,,,,,,,,,,,,,,
M.Garcia,00-0032132,yes,DEN,OG,,,,,,0,1,0,1,0,,,,,,,,,,,,,,,,,,,,,,,,,,,,,,,,,,,,,,,,,,,,,
S.Barrett,00-0031101,yes,DEN,OLB,1,0,0,0,3,0,0,0,1,0,,,,,,,,,,,,,,,,,,,,,,,,,,,,,,,,,,,,,,,,,,,,,
B.McManus,00-0029822,yes,DEN,K,,,,,,,,,,,2,1,21,3,3,0,3,0,3,,,,,,,,,,,,,,,,,,,,,,,,,,,,,,,,,,,,
B.Colquitt,00-0026516,yes,DEN,P,,,,,,,,,,,,,,,,,,,,,,,,,,,,,,,,38,0,59,8,347,,,,,,,,,,,,,,,,,,,
B.Roby,00-0031372,yes,DEN,FS,0,0,0,0,2,,,,,,,,,,,,,,,,,,,,,,,,,,,,,,,,,,,,,,,,,,,,,,,,,,
D.Wolfe,00-0029586,yes,DEN,DE,2,0,0,1,6,,,,,,,,,,,,,,,,,,,,,,,,,,,,,,,,,,,,,,,,,,,,,,,,,,
D.Stewart,00-0027256,yes,DEN,FS,0,0,0,0,4,,,,,,,,,,,,,,,,,,,,,,,,,,,,,,,,,,,,,,,,,,,,,,,,,,
V.Walker,00-0026942,yes,DEN,DE,0,0,0,1,1,,,,,,,,,,,,,,,,,,,,,,,,,,,,,,,,,,,,,,,,,,,,,,,,,,
C.Harris,00-0028224,yes,DEN,CB,0,0,0,0,2,,,,,,,,,,,,,,,,,,,,,,,,,,,,,,,,,,,,,,,,,,,,,,,,,,
A.Talib,00-0026160,yes,DEN,CB,2,0,0,0,2,,,,,,,,,,,,,,,,,,,,,,,,,,,,,,,,,,,,,,,,,,,,,,,,,,
T.Ward,00-0027653,yes,DEN,SS,0,0,0,0,1,,,,,,,,,,,,,,,,,,,,,,,,,,,,,,,,,,,,,,,,,,,,,,,,,,
D.Bruton,00-0027083,yes,DEN,DB,1,0,0,0,1,,,,,,,,,,,,,,,,,,,,,,,,,,,,,,,,,,,,,,,,,,,,,,,,,,
D.Trevathan,00-0029577,yes,DEN,LB,0,0,0,0,4,,,,,,,,,,,,,,,,,,,,,,,,,,,,,,,,,,,,,,,,,,,,,,,,,,
V.Miller,00-0027940,yes,DEN,OLB,1,0,0,1,3,,,,,,,,,,,,,,,,,,,,,,,,,,,,,,,,,,,,,,,,,,,,,,,,,,
B.Marshall,00-0029620,yes,DEN,ILB,1,0,0,0,2,,,,,,,,,,,,,,,,,,,,,,,,,,,,,,,,,,,,,,,,,,,,,,,,,,
S.Ray,00-0032221,yes,DEN,LB,1,0,0,0,1,,,,,,,,,,,,,,,,,,,,,,,,,,,,,,,,,,,,,,,,,,,,,,,,,,
M.Jackson,00-0029568,yes,DEN,DT,1,0,0,0,0,,,,,,,,,,,,,,,,,,,,,,,,,,,,,,,,,,,,,,,,,,,,,,,,,,
T.Brady,00-0019596,no,NE,QB,,,,,,,,,,,,,,,,,,,,,,,,,42,23,0,3,0,0,280,,,,,,,,,,,,,,,,,,,,,,,,
J.White,00-0031062,no,NE,RB,,,,,,,,,,,,,,,,,,,,,,,,,,,,,,,,,,,,,,,,,,5,0,2,0,0,0,5,3,1,0,0,0,0,1
B.Bolden,00-0029239,no,NE,RB,,,,,,,,,,,,,,,,,,,,,,,,,,,,,,,,,,,,,,,,,,63,63,4,1,0,0,84,4,9,0,0,0,0,11
L.Blount,00-0027325,no,NE,RB,,,,,,,,,,,,,,,,,,,,,,,,,,,,,,,,,,,,,,,,,,,,,,,,,9,9,0,0,0,0,27
B.LaFell,00-0027681,no,NE,WR,,,,,,,,,,,,,,,,,,,,,,,,,,,,,,,,,,,,,,,,,,14,0,4,0,0,0,36,,,,,,,
R.Gronkowski,00-0027656,no,NE,TE,,,,,,,,,,,,,,,,,,,,,,,,,,,,,,,,,,,,,,,,,,23,23,6,1,0,0,88,,,,,,,
K.Martin,00-0029415,no,NE,,,,,,,,,,,,,,,,,,,,,,,,,,,,,,,,,,,,,,,,,,,8,0,1,0,0,0,8,,,,,,,
S.Chandler,00-0025516,no,NE,,,,,,,,,,,,,,,,,,,,,,,,,,,,,,,,,,,,,,,,,,,22,9,5,1,0,0,58,,,,,,,
A.Cleveland,00-0030832,no,NE,,,,,,,,,,,,,,,,,,,,,,,,,,,,,,,,,,,,,,,,,,,1,0,1,0,0,0,1,,,,,,,
C.Harper,00-0031854,no,NE,,,,,,,1,0,1,0,0,,,,,,,,,,,,,,,,,,,,,,,,,,,5,10,0,3,0,,,,,,,,,,,,,,
S.Gostkowski,00-0024333,no,NE,K,,,,,,,,,,,1,1,47,3,3,0,3,0,3,,,,,,,,,,,,,,,,,,,,,,,,,,,,,,,,,,,,
R.Allen,00-0029984,no,NE,P,,,,,,,,,,,,,,,,,,,,,,,,,,,,,,,,41,5,58,10,450,,,,,,,,,,,,,,,,,,,
P.Chung,00-0027010,no,NE,SS,2,0,0,0,3,,,,,,,,,,,,,,,,,,,,,,,,,,,,,,,,4,4,0,1,0,,,,,,,,,,,,,,
L.Ryan,00-0030411,no,NE,CB,1,0,0,0,3,,,,,,,,,,,,,,,,,,,,,,,,,,,,,,,,,,,,,,,,,,,,,,,,,,
C.Jones,00-0029585,no,NE,LB,0,1,1,0,2,,,,,,,,,,,,,,,,,,,,,,,,,,,,,,,,,,,,,,,,,,,,,,,,,,
J.Mayo,00-0026150,no,NE,,1,0,0,0,4,,,,,,,,,,,,,,,,,,,,,,,,,,,,,,,,,,,,,,,,,,,,,,,,,,
D.Hightower,00-0029669,no,NE,OLB,1,0,0,0,2,,,,,,,,,,,,,,,,,,,,,,,,,,,,,,,,,,,,,,,,,,,,,,,,,,
A.Branch,00-0025420,no,NE,DT,0,0,0,0,4,,,,,,,,,,,,,,,,,,,,,,,,,,,,,,,,,,,,,,,,,,,,,,,,,,
D.Easley,00-0031425,no,NE,DT,0,0,0,0,1,,,,,,,,,,,,,,,,,,,,,,,,,,,,,,,,,,,,,,,,,,,,,,,,,,
T.Wilson,00-0029410,no,NE,DB,0,0,0,0,1,,,,,,,,,,,,,,,,,,,,,,,,,,,,,,,,,,,,,,,,,,,,,,,,,,
R.Ninkovich,00-0024349,no,NE,DE,2,0,0,1,4,,,,,,,,,,,,,,,,,,,,,,,,,,,,,,,,,,,,,,,,,,,,,,,,,,
D.McCourty,00-0027647,no,NE,FS,0,0,0,0,4,,,,,,,,,,,,,,,,,,,,,,,,,,,,,,,,,,,,,,,,,,,,,,,,,,
M.Butler,00-0031218,no,NE,CB,0,0,0,0,7,,,,,,,,,,,,,,,,,,,,,,,,,,,,,,,,,,,,,,,,,,,,,,,,,,
J.Freeny,00-0028454,no,NE,MLB,5,0,0,1,7,,,,,,,,,,,,,,,,,,,,,,,,,,,,,,,,,,,,,,,,,,,,,,,,,,
M.Brown,00-0032261,no,NE,DT,0,0,0,1,4,,,,,,,,,,,,,,,,,,,,,,,,,,,,,,,,,,,,,,,,,,,,,,,,,,
S.Siliga,00-0028256,no,NE,,0,0,0,0,2,,,,,,,,,,,,,,,,,,,,,,,,,,,,,,,,,,,,,,,,,,,,,,,,,,
R.Melvin,00-0029901,no,NE,,0,0,0,0,1,,,,,,,,,,,,,,,,,,,,,,,,,,,,,,,,,,,,,,,,,,,,,,,,,,
J.McCown,00-0021206,yes,CLE,QB,,,,,,,,,,,,,,,,,,,,,,,,,38,21,0,1,0,0,212,,,,,,,,,,,,,,,,,,2,8,0,0,0,0,12
A.Davis,00-0028957,yes,CLE,QB,,,,,,,,,,,,,,,,,,,,,,,,,10,7,0,1,0,0,77,,,,,,,,,,,,,,,,,,1,7,0,0,0,0,7
T.Benjamin,00-0029269,yes,CLE,WR,,,,,,,,,,,,,,,,,,,,,,,,,,,,,,,,,,,,,12,12,0,1,0,42,42,6,1,0,0,90,1,10,0,0,0,0,10
D.Johnson Jr,00-0032257,yes,CLE,RB,,,,,,,,,,,,,,,,,,,,,,,,,,,,,,,,,,,,,,,,,,21,0,5,0,0,0,23,7,7,0,0,0,0,27
I.Crowell,00-0030656,yes,CLE,RB,,,,,,,,,,,,,,,,,,,,,,,,,,,,,,,,,,,,,,,,,,,,,,,,,7,4,0,0,0,0,7
M.Moore,00-0027356,yes,CLE,,,,,,,,,,,,,,,,,,,,,,,,,,,,,,,,,,,,,,,,,,,10,10,1,1,0,0,10,,,,,,,
G.Barnidge,00-0026281,yes,CLE,TE,,,,,,,,,,,,,,,,,,,,,,,,,,,,,,,,,,,,,,,,,,30,0,7,0,0,0,91,,,,,,,
M.Johnson,00-0032068,yes,CLE,FB,,,,,,,,,,,,,,,,,,,,,,,,,,,,,,,,,,,,,,,,,,1,0,1,0,0,0,1,,,,,,,
B.Hartline,00-0027077,yes,CLE,,,,,,,,,,,,,,,,,,,,,,,,,,,,,,,,,,,,,,,,,,,16,0,8,0,0,0,74,,,,,,,
T.Coons,00-0031112,yes,CLE,,,,,,,,,,,,2,2,31,6,3,0,3,0,3,,,,,,,,,,,,,,,,,,,,,,,,,,,,,,,,,,,,
A.Lee,00-0022824,yes,CLE,P,,,,,,,,,,,,,,,,,,,,,,,,,,,,,,,,29,1,61,6,283,,,,,,,,,,,,,,,,,,,
J.Gilbert,00-0031438,yes,CLE,DB,0,0,0,0,1,,,,,,,,,,,,,,,39,40,0,2,0,,,,,,,,,,,,,,,,,,,,,,,,,,,,,,,
D.Whitner,00-0024223,yes,CLE,,0,0,0,0,6,,,,,,,,,,,,,,,,,,,,,,,,,,,,,,,,,,,,,,,,,,,,,,,,,,
P.Kruger,00-0027033,yes,CLE,DE,0,0,0,0,1,,,,,,,,,,,,,,,,,,,,,,,,,,,,,,,,,,,,,,,,,,,,,,,,,,
T.Gipson,00-0028924,yes,CLE,DB,0,0,0,0,6,,,,,,,,,,,,,,,,,,,,,,,,,,,,,,,,,,,,,,,,,,,,,,,,,,
J.Meder,00-0030697,yes,CLE,DT,0,0,0,0,2,,,,,,,,,,,,,,,,,,,,,,,,,,,,,,,,,,,,,,,,,,,,,,,,,,
J.Poyer,00-0030114,yes,CLE,FS,0,0,0,0,1,,,,,,,,,,,,,,,,,,,,,,,,,,,,,,,,,,,,,,,,,,,,,,,,,,
C.Robertson,00-0028834,yes,CLE,LB,2,0,0,0,3,,,,,,,,,,,,,,,,,,,,,,,,,,,,,,,,,,,,,,,,,,,,,,,,,,
C.Kirksey,00-0031361,yes,CLE,ILB,0,0,0,0,3,,,,,,,,,,,,,,,,,,,,,,,,,,,,,,,,,,,,,,,,,,,,,,,,,,
K.Williams,00-0031253,yes,CLE,,1,0,0,0,3,,,,,,,,,,,,,,,,,,,,,,,,,,,,,,,,,,,,,,,,,,,,,,,,,,
J.Hughes III,00-0029266,yes,CLE,DE,1,0,0,0,2,,,,,,,,,,,,,,,,,,,,,,,,,,,,,,,,,,,,,,,,,,,,,,,,,,
B.Mingo,00-0030558,yes,CLE,DE,0,0,0,0,1,,,,,,,,,,,,,,,,,,,,,,,,,,,,,,,,,,,,,,,,,,,,,,,,,,
N.Orchard,00-0031556,yes,CLE,LB,1,0,0,0,1,,,,,,,,,,,,,,,,,,,,,,,,,,,,,,,,,,,,,,,,,,,,,,,,,,
D.Bryant,00-0026533,yes,CLE,,0,0,0,0,1,,,,,,,,,,,,,,,,,,,,,,,,,,,,,,,,,,,,,,,,,,,,,,,,,,
T.Williams,00-0024061,yes,CLE,CB,1,0,1,0,3,,,,,,,,,,,,,,,,,,,,,,,,,,,,,,,,,,,,,,,,,,,,,,,,,,
K.Dansby,00-0022927,yes,CLE,LB,1,0,1,0,3,,,,,,,,,,,,,,,,,,,,,,,,,,,,,,,,,,,,,,,,,,,,,,,,,,
D.Shelton,00-0032143,yes,CLE,DL,1,0,0,0,0,,,,,,,,,,,,,,,,,,,,,,,,,,,,,,,,,,,,,,,,,,,,,,,,,,
M.Schaub,00-0022787,no,BAL,QB,,,,,,,,,,,,,,,,,,,,,,,,,34,20,2,2,0,0,232,,,,,,,,,,,,,,,,,,3,7,0,0,0,0,10
C.Givens,00-0029614,no,BAL,,,,,,,,,,,,,,,,,,,,,,,,,,,,,,,,,,,,,,,,,,,48,0,1,0,0,0,48,1,2,0,0,0,0,2
T.West,00-0031375,no,BAL,RB,,,,,,,,,,,,,,,,,,,,,,,,,,,,,,,,,,,,,,,,,,,,,,,,,7,16,0,0,1,0,37
J.Allen,00-0031577,no,BAL,RB,,,,,,,,,,,,,,,,,,,,,,,,,,,,,,,,,,,,,,,,,,13,13,4,1,0,0,29,12,21,0,0,0,0,55
K.Juszczyk,00-0029892,no,BAL,FB,,,,,,,,,,,,,,,,,,,,,,,,,,,,,,,,,,,,,,,,,,15,0,2,0,0,0,18,,,,,,,
N.Boyle,00-0031598,no,BAL,TE,,,,,,,,,,,,,,,,,,,,,,,,,,,,,,,,,,,,,,,,,,10,0,1,0,0,0,10,,,,,,,
J.Butler,00-0030691,no,BAL,,,,,,,,,,,,,,,,,,,,,,,,,,,,,,,,,,,,,,,,,,,9,0,3,0,0,0,27,,,,,,,
C.Gillmore,00-0030992,no,BAL,TE,,,,,,,,,,,,,,,,,,,,,,,,,,,,,,,,,,,,,,,,,,14,0,3,0,0,0,20,,,,,,,
K.Aiken,00-0028497,no,BAL,WR,,,,,,,,,,,,,,,,,,,,,,,,,,,,,,,,,,,,,,,,,,27,15,6,1,0,0,80,,,,,,,
J.Tucker,00-0029597,no,BAL,K,,,,,,,,,,,2,2,49,6,3,0,3,0,3,,,,,,,,,,,,,,,,,,,,,,,,,,,,,,,,,,,,
S.Koch,00-0024417,no,BAL,P,,,,,,,,,,,,,,,,,,,,,,,,,,,,,,,,40,1,46,4,171,,,,,,,,,,,,,,,,,,,
M.Williams,00-0031558,no,BAL,TE,,,,,,,,,,,,,,,,,,,,6,6,0,1,0,,,,,,,,,,,,,,,,,,,,,,,,,,,,,,,
K.Clay,00-0032115,no,BAL,WR,,,,,,,,,,,,,,,,,,,,19,22,0,2,0,,,,,,,,,,,,,28,82,82,4,1,,,,,,,,,,,,,,
D.Smith,00-0022839,no,BAL,LB,0,0,0,0,3,,,,,,,,,,,,,,,,,,,,,,,,,,,,,,,,,,,,,,,,,,,,,,,,,,
S.Wright,00-0028027,no,BAL,CB,0,0,0,0,5,,,,,,,,,,,,,,,,,,,,,,,,,,,,,,,,,,,,,,,,,,,,,,,,,,
E.Dumervil,00-0024341,no,BAL,OLB,1,0,0,1.5,3,,,,,,,,,,,,,,,,,,,,,,,,,,,,,,,,,,,,,,,,,,,,,,,,,,
C.Mosley,00-0031296,no,BAL,ILB,1,0,0,0,6,,,,,,,,,,,,,,,,,,,,,,,,,,,,,,,,,,,,,,,,,,,,,,,,,,
Z.Smith,00-0031576,no,BAL,LB,0,0,0,0,1,,,,,,,,,,,,,,,,,,,,,,,,,,,,,,,,,,,,,,,,,,,,,,,,,,
Z.Orr,00-0030700,no,BAL,LB,0,0,0,0,2,,,,,,,,,,,,,,,,,,,,,,,,,,,,,,,,,,,,,,,,,,,,,,,,,,
B.Urban,00-0031177,no,BAL,DE,1,0,0,0,1,,,,,,,,,,,,,,,,,,,,,,,,,,,,,,,,,,,,,,,,,,,,,,,,,,
T.Jernigan,00-0031170,no,BAL,DE,1,0,0,0.5,2,,,,,,,,,,,,,,,,,,,,,,,,,,,,,,,,,,,,,,,,,,,,,,,,,,
K.Lewis,00-0027736,no,BAL,FS,0,0,0,0,4,,,,,,,,,,,,,,,,,,,,,,,,,,,,,,,,,,,,,,,,,,,,,,,,,,
B.Williams,00-0030511,no,BAL,NT,1,0,0,0,0,,,,,,,,,,,,,,,,,,,,,,,,,,,,,,,,,,,,,,,,,,,,,,,,,,
J.Smith,00-0027965,no,BAL,CB,1,0,0,0,1,,,,,,,,,,,,,,,,,,,,,,,,,,,,,,,,,,,,,,,,,,,,,,,,,,
W.Hill,00-0029407,no,BAL,,2,0,0,0,4,,,,,,,,,,,,,,,,,,,,,,,,,,,,,,,,,,,,,,,,,,,,,,,,,,
L.Webb,00-0027060,no,BAL,CB,0,0,0,0,7,,,,,,,,,,,,,,,,,,,,,,,,,,,,,,,,,,,,,,,,,,,,,,,,,,
C.Canty,00-0023566,no,BAL,,0,0,0,0,1,,,,,,,,,,,,,,,,,,,,,,,,,,,,,,,,,,,,,,,,,,,,,,,,,,
C.Upshaw,00-0029252,no,BAL,DT,0,0,0,0,1,,,,,,,,,,,,,,,,,,,,,,,,,,,,,,,,,,,,,,,,,,,,,,,,,,
